name,owner,url,stars,primary_language,idade_dias,pull_requests_aceitas,total_releases,dias_desde_ultima_atualizacao,percentual_issues_fechadas
freeCodeCamp,freeCodeCamp,https://github.com/freeCodeCamp/freeCodeCamp,426216,TypeScript,3894,25730,0,0,99.02
build-your-own-x,codecrafters-io,https://github.com/codecrafters-io/build-your-own-x,413062,Markdown,2662,142,0,0,72.21
awesome,sindresorhus,https://github.com/sindresorhus/awesome,394092,,4060,679,0,0,96.32
free-programming-books,EbookFoundation,https://github.com/EbookFoundation/free-programming-books,365766,Python,4333,6820,0,0,97.38
public-apis,public-apis,https://github.com/public-apis/public-apis,362438,Python,3442,1872,0,0,98.88
developer-roadmap,kamranahmedse,https://github.com/kamranahmedse/developer-roadmap,334333,TypeScript,3082,3694,1,0,91.57
coding-interview-university,jwasham,https://github.com/jwasham/coding-interview-university,324683,,3364,415,0,0,87.79
system-design-primer,donnemartin,https://github.com/donnemartin/system-design-primer,317091,Python,3099,200,0,0,26.84
996.ICU,996icu,https://github.com/996icu/996.ICU,274131,,2341,1071,0,0,0
awesome-python,vinta,https://github.com/vinta/awesome-python,256245,Python,4074,544,0,0,0
awesome-selfhosted,awesome-selfhosted,https://github.com/awesome-selfhosted/awesome-selfhosted,243192,,3735,2394,1,0,100.0
project-based-learning,practical-tutorials,https://github.com/practical-tutorials/project-based-learning,240663,,3054,182,0,0,37.62
react,facebook,https://github.com/facebook/react,238322,JavaScript,4473,12137,105,0,94.27
vue,vuejs,https://github.com/vuejs/vue,209292,TypeScript,4407,1133,249,0,96.46
Python,TheAlgorithms,https://github.com/TheAlgorithms/Python,204274,Python,3324,2976,0,0,95.21
linux,torvalds,https://github.com/torvalds/linux,200475,C,5101,10,0,0,0
javascript-algorithms,trekhleb,https://github.com/trekhleb/javascript-algorithms,193058,JavaScript,2708,302,0,0,62.57
tensorflow,tensorflow,https://github.com/tensorflow/tensorflow,191279,C++,3576,36040,219,0,97.79
computer-science,ossu,https://github.com/ossu/computer-science,190821,HTML,4129,298,0,0,97.85
the-book-of-secret-knowledge,trimstray,https://github.com/trimstray/the-book-of-secret-knowledge,183289,,2617,122,0,0,0
You-Dont-Know-JS,getify,https://github.com/getify/You-Dont-Know-JS,183006,,4297,368,0,0,91.42
CS-Notes,CyC2018,https://github.com/CyC2018/CS-Notes,181537,,2747,374,0,0,78.46
ohmyzsh,ohmyzsh,https://github.com/ohmyzsh/ohmyzsh,180879,Shell,5838,3377,0,0,97.18
AutoGPT,Significant-Gravitas,https://github.com/Significant-Gravitas/AutoGPT,177999,Python,890,3199,68,0,95.23
vscode,microsoft,https://github.com/microsoft/vscode,175992,TypeScript,3641,36273,177,0,94.11
bootstrap,twbs,https://github.com/twbs/bootstrap,172894,MDX,5138,8974,93,0,98.22
flutter,flutter,https://github.com/flutter/flutter,172023,Dart,3822,43858,7,0,89.06
Python-100-Days,jackfrued,https://github.com/jackfrued/Python-100-Days,171163,Jupyter Notebook,2731,13,0,0,17.08
gitignore,github,https://github.com/github/gitignore,168818,,5401,1716,0,0,0
the-art-of-command-line,jlevy,https://github.com/jlevy/the-art-of-command-line,157864,,3747,317,0,0,52.71
stable-diffusion-webui,AUTOMATIC1111,https://github.com/AUTOMATIC1111/stable-diffusion-webui,155841,Python,1096,1874,27,0,69.82
JavaGuide,Snailclimb,https://github.com/Snailclimb/JavaGuide,151377,Java,2664,1180,0,0,93.48
ollama,ollama,https://github.com/ollama/ollama,150729,Go,788,2475,143,0,77.84
awesome-go,avelino,https://github.com/avelino/awesome-go,150561,Go,4065,3458,0,0,99.13
transformers,huggingface,https://github.com/huggingface/transformers,148670,Python,2489,16680,224,0,93.92
javascript,airbnb,https://github.com/airbnb/javascript,147290,JavaScript,4677,810,0,0,92.83
Microsoft-Activation-Scripts,massgravel,https://github.com/massgravel/Microsoft-Activation-Scripts,145621,Batchfile,2049,6,24,0,100.0
youtube-dl,ytdl-org,https://github.com/ytdl-org/youtube-dl,136946,Python,5409,1642,341,0,86.39
next.js,vercel,https://github.com/vercel/next.js,133929,JavaScript,3243,23660,1000,0,90.08
awesome-chatgpt-prompts,f,https://github.com/f/awesome-chatgpt-prompts,133051,JavaScript,991,171,0,0,0
n8n,n8n-io,https://github.com/n8n-io/n8n,131919,TypeScript,2253,10641,382,0,87.96
go,golang,https://github.com/golang/go,129537,Go,4021,1,0,0,86.5
tech-interview-handbook,yangshun,https://github.com/yangshun/tech-interview-handbook,128971,TypeScript,3335,481,0,0,64.35
fucking-algorithm,labuladong,https://github.com/labuladong/fucking-algorithm,128961,Markdown,2011,238,1,0,99.78
scrcpy,Genymobile,https://github.com/Genymobile/scrcpy,126959,C,2831,113,47,0,56.42
HelloGitHub,521xueweihan,https://github.com/521xueweihan/HelloGitHub,125966,Python,3397,16,57,0,92.46
30-seconds-of-code,Chalarangelo,https://github.com/Chalarangelo/30-seconds-of-code,125056,JavaScript,2823,827,12,0,100.0
react-native,facebook,https://github.com/facebook/react-native,123507,C++,3878,930,410,0,97.59
yt-dlp,yt-dlp,https://github.com/yt-dlp/yt-dlp,123400,Python,1761,2909,118,0,83.68
PowerToys,microsoft,https://github.com/microsoft/PowerToys,122475,C#,2305,5662,117,0,79.75
electron,electron,https://github.com/electron/electron,117994,C++,4515,23274,1000,0,96.42
kubernetes,kubernetes,https://github.com/kubernetes/kubernetes,117020,Go,4095,62232,755,0,95.99
hello-algo,krahets,https://github.com/krahets/hello-algo,115665,Java,1022,945,9,0,95.56
free-programming-books-zh_CN,justjavac,https://github.com/justjavac/free-programming-books-zh_CN,115038,,4309,282,3,0,0
langchain,langchain-ai,https://github.com/langchain-ai/langchain,114030,Jupyter Notebook,1040,14493,948,0,97.55
node,nodejs,https://github.com/nodejs/node,112883,JavaScript,3922,10765,455,0,91.17
dify,langgenius,https://github.com/langgenius/dify,111766,TypeScript,863,7063,140,0,94.5
d3,d3,https://github.com/d3/d3,111336,Shell,5443,493,194,0,99.6
free-for-dev,ripienaar,https://github.com/ripienaar/free-for-dev,110646,HTML,3810,2761,0,0,0
three.js,mrdoob,https://github.com/mrdoob/three.js,108234,JavaScript,5631,14399,171,0,96.57
open-webui,open-webui,https://github.com/open-webui/open-webui,107550,JavaScript,686,2513,122,0,96.67
axios,axios,https://github.com/axios/axios,107441,JavaScript,4022,1001,97,0,94.69
rust,rust-lang,https://github.com/rust-lang/rust,105966,Rust,5546,65650,140,0,82.04
excalidraw,excalidraw,https://github.com/excalidraw/excalidraw,105806,TypeScript,2059,3702,14,0,56.68
TypeScript,microsoft,https://github.com/microsoft/TypeScript,105669,TypeScript,4084,14675,212,0,86.84
langflow,langflow-ai,https://github.com/langflow-ai/langflow,104494,Python,926,4632,262,0,83.77
deno,denoland,https://github.com/denoland/deno,103990,Rust,2656,13345,342,0,82.76
nodebestpractices,goldbergyoni,https://github.com/goldbergyoni/nodebestpractices,103979,Dockerfile,2898,765,0,0,86.89
create-react-app,facebook,https://github.com/facebook/create-react-app,103454,JavaScript,3323,1949,83,0,78.16
GitHub-Chinese-Top-Charts,GrowingGit,https://github.com/GrowingGit/GitHub-Chinese-Top-Charts,101360,Java,2178,0,0,0,47.35
godot,godotengine,https://github.com/godotengine/godot,100502,C++,4248,38721,61,0,79.19
terminal,microsoft,https://github.com/microsoft/terminal,99300,C++,2933,4189,136,0,88.15
DeepSeek-V3,deepseek-ai,https://github.com/deepseek-ai/DeepSeek-V3,98858,Python,239,21,1,0,94.91
angular,angular,https://github.com/angular/angular,98522,TypeScript,3991,3894,471,0,95.43
frp,fatedier,https://github.com/fatedier/frp,97724,Go,3532,683,106,0,98.46
papers-we-love,papers-we-love,https://github.com/papers-we-love/papers-we-love,97394,Shell,4268,437,0,0,99.59
Awesome-Hacking,Hack-with-Github,https://github.com/Hack-with-Github/Awesome-Hacking,96662,,3432,34,0,0,0
iptv,iptv-org,https://github.com/iptv-org/iptv,96449,TypeScript,2473,6671,0,0,96.96
material-ui,mui,https://github.com/mui/material-ui,96442,TypeScript,4022,20807,547,0,92.0
rustdesk,rustdesk,https://github.com/rustdesk/rustdesk,96179,Rust,1789,3637,31,0,98.47
tauri,tauri-apps,https://github.com/tauri-apps/tauri,95840,Rust,2232,5167,1000,0,80.46
ant-design,ant-design,https://github.com/ant-design/ant-design,95735,TypeScript,3773,15773,714,0,96.12
generative-ai-for-beginners,microsoft,https://github.com/microsoft/generative-ai-for-beginners,95382,Jupyter Notebook,795,388,0,0,94.32
thefuck,nvbn,https://github.com/nvbn/thefuck,93640,Python,3789,481,17,0,62.11
clean-code-javascript,ryanmcdermott,https://github.com/ryanmcdermott/clean-code-javascript,93552,JavaScript,3192,149,0,0,69.36
ui,shadcn-ui,https://github.com/shadcn-ui/ui,93445,TypeScript,961,636,52,0,71.06
HowToCook,Anduin2017,https://github.com/Anduin2017/HowToCook,92718,Dockerfile,2001,586,4,0,44.25
pytorch,pytorch,https://github.com/pytorch/pytorch,92598,Python,3296,6193,61,0,70.86
java-design-patterns,iluwatar,https://github.com/iluwatar/java-design-patterns,92549,Java,4031,1507,0,0,86.55
neovim,neovim,https://github.com/neovim/neovim,92168,Vim Script,4221,16146,45,0,87.44
puppeteer,puppeteer,https://github.com/puppeteer/puppeteer,92109,TypeScript,3027,5424,560,0,96.33
Web-Dev-For-Beginners,microsoft,https://github.com/microsoft/Web-Dev-For-Beginners,91519,JavaScript,1746,517,0,0,73.41
DeepSeek-R1,deepseek-ai,https://github.com/deepseek-ai/DeepSeek-R1,90959,,214,9,1,0,93.82
vue-element-admin,PanJiaChen,https://github.com/PanJiaChen/vue-element-admin,89802,Vue,3049,311,49,0,65.31
tailwindcss,tailwindlabs,https://github.com/tailwindlabs/tailwindcss,89728,TypeScript,2877,3072,290,0,98.24
fastapi,fastapi,https://github.com/fastapi/fastapi,88673,Python,2449,2738,208,0,98.59
every-programmer-should-know,mtdvio,https://github.com/mtdvio/every-programmer-should-know,87905,,2920,99,0,0,44.23
storybook,storybookjs,https://github.com/storybookjs/storybook,87574,TypeScript,3444,11483,1000,0,84.81
supabase,supabase,https://github.com/supabase/supabase,87533,TypeScript,2141,12947,22,0,95.24
awesome-mac,jaywcjlove,https://github.com/jaywcjlove/awesome-mac,87509,JavaScript,3323,991,12,0,76.3
whisper,openai,https://github.com/openai/whisper,87067,Python,1071,119,13,0,0
nvm,nvm-sh,https://github.com/nvm-sh/nvm,86513,Shell,5608,729,70,0,86.35
ComfyUI,comfyanonymous,https://github.com/comfyanonymous/ComfyUI,86300,Python,948,1206,73,0,59.24
NextChat,ChatGPTNextWeb,https://github.com/ChatGPTNextWeb/NextChat,85587,TypeScript,896,889,77,0,81.42
v2rayN,2dust,https://github.com/2dust/v2rayN,85374,C#,2215,273,264,0,99.92
llama.cpp,ggml-org,https://github.com/ggml-org/llama.cpp,85340,C++,896,5524,1000,0,94.02
bitcoin,bitcoin,https://github.com/bitcoin/bitcoin,85156,C++,5360,15517,56,0,95.31
app-ideas,florinpop17,https://github.com/florinpop17/app-ideas,84964,,2370,149,0,0,25.88
django,django,https://github.com/django/django,84653,Python,4864,9861,0,0,0
svelte,sveltejs,https://github.com/sveltejs/svelte,83824,JavaScript,3197,5991,510,0,90.43
gin,gin-gonic,https://github.com/gin-gonic/gin,83684,Go,4085,1114,27,0,71.55
opencv,opencv,https://github.com/opencv/opencv,83641,C++,4782,13085,66,0,76.83
hugo,gohugoio,https://github.com/gohugoio/hugo,83018,Go,4432,2959,337,0,94.37
mermaid,mermaid-js,https://github.com/mermaid-js/mermaid,82331,TypeScript,3947,2440,164,0,62.24
realworld,gothinkster,https://github.com/gothinkster/realworld,82248,TypeScript,3465,433,0,0,92.8
animate.css,animate-css,https://github.com/animate-css/animate.css,82064,CSS,5063,315,22,0,95.57
laravel,laravel,https://github.com/laravel/laravel,81902,Blade,5189,1641,198,0,0
mall,macrozheng,https://github.com/macrozheng/mall,81358,Java,2697,1,3,0,97.99
FreeDomain,DigitalPlatDev,https://github.com/DigitalPlatDev/FreeDomain,81168,HTML,449,0,0,0,0
core,home-assistant,https://github.com/home-assistant/core,80859,Python,4357,75795,1000,0,96.24
FiraCode,tonsky,https://github.com/tonsky/FiraCode,79936,Clojure,3937,137,29,0,69.94
bun,oven-sh,https://github.com/oven-sh/bun,79866,Zig,1591,5975,196,0,63.46
manim,3b1b,https://github.com/3b1b/manim,79700,Python,3806,642,13,0,62.79
system-prompts-and-models-of-ai-tools,x1xhlol,https://github.com/x1xhlol/system-prompts-and-models-of-ai-tools,78340,,170,26,0,0,53.85
spring-boot,spring-projects,https://github.com/spring-projects/spring-boot,78172,Java,4690,42,320,0,98.59
advanced-java,doocs,https://github.com/doocs/advanced-java,78135,Java,2512,88,1,0,99.32
devops-exercises,bregman-arie,https://github.com/bregman-arie/devops-exercises,78020,Python,2150,302,0,0,64.65
models,tensorflow,https://github.com/tensorflow/models,77620,Python,3486,2341,50,0,85.28
awesome-for-beginners,MunGell,https://github.com/MunGell/awesome-for-beginners,76841,,3590,453,0,0,94.05
ML-For-Beginners,microsoft,https://github.com/microsoft/ML-For-Beginners,76770,HTML,1633,374,0,0,95.92
awesome-interview-questions,DopplerHQ,https://github.com/DopplerHQ/awesome-interview-questions,76650,,3555,175,0,0,55.74
gpt4all,nomic-ai,https://github.com/nomic-ai/gpt4all,76526,C++,879,934,38,0,68.05
LeetCodeAnimation,MisterBooo,https://github.com/MisterBooo/LeetCodeAnimation,76406,Java,2451,63,0,0,67.74
playwright,microsoft,https://github.com/microsoft/playwright,76276,TypeScript,2107,15071,151,0,94.89
netdata,netdata,https://github.com/netdata/netdata,75630,C,4449,10933,121,0,97.93
funNLP,fighting41love,https://github.com/fighting41love/funNLP,75601,Python,2558,14,0,0,58.02
Font-Awesome,FortAwesome,https://github.com/FortAwesome/Font-Awesome,75590,JavaScript,4935,212,60,0,81.01
system-design-101,ByteByteGoHq,https://github.com/ByteByteGoHq/system-design-101,75464,,704,23,0,0,31.48
syncthing,syncthing,https://github.com/syncthing/syncthing,75456,Go,4287,2758,440,0,94.21
github-readme-stats,anuraghazra,https://github.com/anuraghazra/github-readme-stats,75185,JavaScript,1870,1303,0,0,84.97
vite,vitejs,https://github.com/vitejs/vite,74855,TypeScript,1949,5586,598,0,94.26
json-server,typicode,https://github.com/typicode/json-server,74818,JavaScript,4286,121,38,0,46.96
union,unionlabs,https://github.com/unionlabs/union,74448,Rust,829,2758,95,0,87.27
weekly,ruanyf,https://github.com/ruanyf/weekly,74176,,2505,101,0,0,15.2
immich,immich-app,https://github.com/immich-app/immich,74005,TypeScript,1296,7152,261,0,90.7
uptime-kuma,louislam,https://github.com/louislam/uptime-kuma,73608,JavaScript,1511,1317,111,0,82.91
elasticsearch,elastic,https://github.com/elastic/elasticsearch,73599,Java,5674,80584,202,0,89.41
hoppscotch,hoppscotch,https://github.com/hoppscotch/hoppscotch,73598,TypeScript,2193,1870,83,0,76.04
code-server,coder,https://github.com/coder/code-server,73529,TypeScript,2368,1576,200,0,96.36
awesome-vue,vuejs,https://github.com/vuejs/awesome-vue,73197,,3595,3574,0,0,83.33
fzf,junegunn,https://github.com/junegunn/fzf,73112,Go,4321,595,70,0,92.21
Best-websites-a-programmer-should-visit,sdmg15,https://github.com/sdmg15/Best-websites-a-programmer-should-visit,72893,,3092,431,0,0,59.2
Deep-Live-Cam,hacksider,https://github.com/hacksider/Deep-Live-Cam,72653,Python,698,85,8,0,93.22
nest,nestjs,https://github.com/nestjs/nest,72360,TypeScript,3121,7412,131,0,99.49
markitdown,microsoft,https://github.com/microsoft/markitdown,72176,Python,282,147,14,0,21.36
d2l-zh,d2l-ai,https://github.com/d2l-ai/d2l-zh,71857,Python,2921,1019,16,0,0
clash-verge-rev,clash-verge-rev,https://github.com/clash-verge-rev/clash-verge-rev,71431,TypeScript,640,321,50,0,97.13
stable-diffusion,CompVis,https://github.com/CompVis/stable-diffusion,71367,Jupyter Notebook,1108,5,0,0,26.82
gemini-cli,google-gemini,https://github.com/google-gemini/gemini-cli,71234,TypeScript,127,1946,48,0,63.97
Front-End-Checklist,thedaviddias,https://github.com/thedaviddias/Front-End-Checklist,70870,,2867,179,1,0,99.32
screenshot-to-code,abi,https://github.com/abi/screenshot-to-code,70775,Python,647,49,0,0,72.77
redis,redis,https://github.com/redis/redis,70564,C,5998,4162,96,0,68.26
moby,moby,https://github.com/moby/moby,70516,Go,4599,21492,237,0,86.18
flask,pallets,https://github.com/pallets/flask,70208,Python,5617,1613,37,0,99.96
Ventoy,ventoy,https://github.com/ventoy/Ventoy,70053,C,1991,280,105,0,66.0
cs-video-courses,Developer-Y,https://github.com/Developer-Y/cs-video-courses,69619,,3227,234,0,0,0
grafana,grafana,https://github.com/grafana/grafana,69575,TypeScript,4272,56800,550,0,91.46
awesome-react,enaqx,https://github.com/enaqx/awesome-react,69519,,4034,780,0,0,96.46
reveal.js,hakimel,https://github.com/hakimel/reveal.js,69461,JavaScript,5190,409,49,0,68.59
awesome-machine-learning,josephmisiti,https://github.com/josephmisiti/awesome-machine-learning,69416,Python,4056,872,0,0,100.0
PayloadsAllTheThings,swisskyrepo,https://github.com/swisskyrepo/PayloadsAllTheThings,69372,Python,3230,548,5,0,0
strapi,strapi,https://github.com/strapi/strapi,69242,TypeScript,3614,9125,478,0,91.2
gpt_academic,binary-husky,https://github.com/binary-husky/gpt_academic,69148,Python,886,223,32,0,84.89
tesseract,tesseract-ocr,https://github.com/tesseract-ocr/tesseract,69004,C++,4028,1411,34,0,84.48
swift,swiftlang,https://github.com/swiftlang/swift,68977,C++,3591,55449,60,0,56.18
protobuf,protocolbuffers,https://github.com/protocolbuffers/protobuf,68866,C++,4014,7785,195,0,96.49
cpython,python,https://github.com/python/cpython,68484,Python,3115,52820,0,0,90.13
node,base,https://github.com/base/node,68446,Go,933,186,54,0,78.84
browser-use,browser-use,https://github.com/browser-use/browser-use,68430,Python,295,990,74,0,52.03
sherlock,sherlock-project,https://github.com/sherlock-project/sherlock,68158,Python,2433,642,1,0,90.33
imgui,ocornut,https://github.com/ocornut/imgui,67736,C++,4050,405,114,0,84.52
superset,apache,https://github.com/apache/superset,67707,TypeScript,3685,14847,232,0,95.97
express,expressjs,https://github.com/expressjs/express,67569,JavaScript,5901,461,160,0,97.39
openai-cookbook,openai,https://github.com/openai/openai-cookbook,67343,Jupyter Notebook,1260,863,0,0,92.69
new-pac,Alvin9999,https://github.com/Alvin9999/new-pac,67288,Python,3439,0,0,0,75.24
LLMs-from-scratch,rasbt,https://github.com/rasbt/LLMs-from-scratch,66997,Jupyter Notebook,761,390,0,0,97.73
awesome-mcp-servers,punkpeye,https://github.com/punkpeye/awesome-mcp-servers,66984,,265,919,0,0,71.84
cs-self-learning,PKUFlyingPig,https://github.com/PKUFlyingPig/cs-self-learning,66640,HTML,1402,297,5,0,49.52
Chart.js,chartjs,https://github.com/chartjs/Chart.js,66407,JavaScript,4541,3002,116,0,93.64
localsend,localsend,https://github.com/localsend/localsend,66348,Dart,980,667,24,0,45.04
obs-studio,obsproject,https://github.com/obsproject/obs-studio,66341,C,4343,5237,223,0,85.41
caddy,caddyserver,https://github.com/caddyserver/caddy,66317,Go,3874,2128,129,0,95.89
ansible,ansible,https://github.com/ansible/ansible,66012,Python,4917,39195,162,0,98.32
awesome-cpp,fffaraz,https://github.com/fffaraz/awesome-cpp,65818,,4054,801,0,0,40.58
tabby,Eugeny,https://github.com/Eugeny/tabby,65658,TypeScript,3164,1489,200,0,59.71
uv,astral-sh,https://github.com/astral-sh/uv,65557,Rust,690,7211,209,0,73.98
33-js-concepts,leonardomso,https://github.com/leonardomso/33-js-concepts,65529,JavaScript,2544,252,0,0,78.64
webpack,webpack,https://github.com/webpack/webpack,65493,JavaScript,4913,5110,438,0,98.82
servers,modelcontextprotocol,https://github.com/modelcontextprotocol/servers,65353,TypeScript,276,881,19,0,72.24
act,nektos,https://github.com/nektos/act,65278,Go,2424,1049,88,0,82.9
SecLists,danielmiessler,https://github.com/danielmiessler/SecLists,65102,PHP,4933,681,28,0,97.65
AppFlowy,AppFlowy-IO,https://github.com/AppFlowy-IO/AppFlowy,65027,Dart,1528,3886,111,0,73.05
gpt4free,xtekky,https://github.com/xtekky/gpt4free,64996,Python,877,819,336,0,99.73
javascript-questions,lydiahallie,https://github.com/lydiahallie/javascript-questions,64785,,2263,328,0,0,93.2
lobe-chat,lobehub,https://github.com/lobehub/lobe-chat,64739,TypeScript,824,2515,1000,0,79.35
awesome-scalability,binhnguyennus,https://github.com/binhnguyennus/awesome-scalability,64679,,2795,36,0,0,0
Stirling-PDF,Stirling-Tools,https://github.com/Stirling-Tools/Stirling-PDF,64532,Java,938,2220,135,0,77.26
echarts,apache,https://github.com/apache/echarts,64434,TypeScript,4524,1448,122,0,90.27
interviews,kdn251,https://github.com/kdn251/interviews,64383,Java,3111,42,0,0,42.86
zed,zed-industries,https://github.com/zed-industries/zed,64247,Rust,1644,16391,969,0,81.53
awesome-public-datasets,awesomedata,https://github.com/awesomedata/awesome-public-datasets,64145,,3928,188,1,0,40.68
lazygit,jesseduffield,https://github.com/jesseduffield/lazygit,63912,Go,2652,1690,169,0,69.58
nocode,kelseyhightower,https://github.com/kelseyhightower/nocode,63782,Dockerfile,2754,1,1,0,14.72
the-algorithm,twitter,https://github.com/twitter/the-algorithm,63508,Scala,879,2,0,0,72.18
keras,keras-team,https://github.com/keras-team/keras,63360,Python,3800,4243,81,0,98.14
anime,juliangarnier,https://github.com/juliangarnier/anime,63341,JavaScript,3449,79,22,0,90.54
scikit-learn,scikit-learn,https://github.com/scikit-learn/scikit-learn,63103,Python,5484,13464,47,0,86.46
ragflow,infiniflow,https://github.com/infiniflow/ragflow,62887,TypeScript,619,3746,31,0,46.19
design-resources-for-developers,bradtraversy,https://github.com/bradtraversy/design-resources-for-developers,62806,,1934,949,0,0,100.0
Java,TheAlgorithms,https://github.com/TheAlgorithms/Java,62780,Java,3324,2020,0,0,99.37
annotated_deep_learning_paper_implementations,labmlai,https://github.com/labmlai/annotated_deep_learning_paper_implementations,62676,Python,1823,101,0,0,82.48
resume.github.com,resume,https://github.com/resume/resume.github.com,62593,JavaScript,5311,84,0,0,54.1
Apollo-11,chrislgarry,https://github.com/chrislgarry/Apollo-11,62509,Assembly,4159,343,0,0,85.34
OpenHands,All-Hands-AI,https://github.com/All-Hands-AI/OpenHands,62434,Python,527,5126,76,0,89.79
awesome-courses,prakhar1989,https://github.com/prakhar1989/awesome-courses,62354,,3933,194,0,0,48.15
socket.io,socketio,https://github.com/socketio/socket.io,62322,TypeScript,5643,435,75,0,94.66
awesome-nodejs,sindresorhus,https://github.com/sindresorhus/awesome-nodejs,62313,,4060,418,0,0,98.08
sway,FuelLabs,https://github.com/FuelLabs/sway,62143,Rust,1676,3501,178,0,74.25
docusaurus,facebook,https://github.com/facebook/docusaurus,61412,TypeScript,2985,5482,151,0,91.11
awesome-llm-apps,Shubhamsaboo,https://github.com/Shubhamsaboo/awesome-llm-apps,61343,Python,480,132,0,0,93.55
redux,reduxjs,https://github.com/reduxjs/redux,61309,TypeScript,3738,1720,78,0,98.16
Prompt-Engineering-Guide,dair-ai,https://github.com/dair-ai/Prompt-Engineering-Guide,60988,MDX,980,338,0,0,31.84
lodash,lodash,https://github.com/lodash/lodash,60866,JavaScript,4885,581,2,0,98.05
atom,atom,https://github.com/atom/atom,60579,JavaScript,4963,3933,538,0,94.37
Front-end-Developer-Interview-Questions,h5bp,https://github.com/h5bp/Front-end-Developer-Interview-Questions,60520,Nunjucks,4943,484,0,0,80.79
architect-awesome,xingshaocheng,https://github.com/xingshaocheng/architect-awesome,60400,,2695,49,0,0,30.99
open-interpreter,openinterpreter,https://github.com/openinterpreter/open-interpreter,60331,Python,770,369,48,0,77.76
localstack,localstack,https://github.com/localstack/localstack,60217,Python,3223,6234,94,0,96.01
alacritty,alacritty,https://github.com/alacritty/alacritty,60045,Rust,3473,1888,101,0,94.72
prometheus,prometheus,https://github.com/prometheus/prometheus,60032,Go,4654,7634,341,0,91.52
llm-course,mlabonne,https://github.com/mlabonne/llm-course,60004,,797,1,0,0,35.71
markdown-here,adam-p,https://github.com/adam-p/markdown-here,59999,JavaScript,4849,27,17,0,52.31
rustlings,rust-lang,https://github.com/rust-lang/rustlings,59707,Rust,3629,915,46,0,93.61
ghidra,NationalSecurityAgency,https://github.com/NationalSecurityAgency/ghidra,59589,Java,2366,524,45,0,73.57
jquery,jquery,https://github.com/jquery/jquery,59547,JavaScript,5985,812,11,0,96.66
nerd-fonts,ryanoasis,https://github.com/ryanoasis/nerd-fonts,59272,CSS,3913,550,38,0,97.16
shadowsocks-windows,shadowsocks,https://github.com/shadowsocks/shadowsocks-windows,58988,C#,4603,290,55,0,93.65
tldr,tldr-pages,https://github.com/tldr-pages/tldr,58950,Markdown,4275,14705,6,0,87.88
angular.js,angular,https://github.com/angular/angular.js,58756,JavaScript,5707,789,0,0,95.67
spring-framework,spring-projects,https://github.com/spring-projects/spring-framework,58706,Java,5371,871,341,0,98.95
llama,meta-llama,https://github.com/meta-llama/llama,58670,Python,920,53,0,0,59.49
scrapy,scrapy,https://github.com/scrapy/scrapy,58031,Python,5660,2392,43,0,85.32
MetaGPT,FoundationAgents,https://github.com/FoundationAgents/MetaGPT,58027,Python,784,660,22,0,98.05
nuxt,nuxt,https://github.com/nuxt/nuxt,57996,TypeScript,3222,6902,256,0,95.27
leetcode-master,youngyangyang04,https://github.com/youngyangyang04/leetcode-master,57899,Shell,2078,2306,0,0,24.26
uBlock,gorhill,https://github.com/gorhill/uBlock,57850,JavaScript,3796,252,277,0,99.62
fuel-core,FuelLabs,https://github.com/FuelLabs/fuel-core,57532,Rust,1821,1553,123,0,87.23
rails,rails,https://github.com/rails/rails,57328,Ruby,6342,25157,149,0,97.36
html5-boilerplate,h5bp,https://github.com/h5bp/html5-boilerplate,57125,JavaScript,5689,790,34,0,99.41
awesome-flutter,Solido,https://github.com/Solido/awesome-flutter,56934,Dart,3029,444,0,0,0
LLaMA-Factory,hiyouga,https://github.com/hiyouga/LLaMA-Factory,56612,Python,817,691,34,0,91.84
nocodb,nocodb,https://github.com/nocodb/nocodb,56573,TypeScript,2854,5297,174,0,85.22
private-gpt,zylon-ai,https://github.com/zylon-ai/private-gpt,56502,Python,843,224,10,0,79.23
DeepLearning-500-questions,scutan90,https://github.com/scutan90/DeepLearning-500-questions,56471,JavaScript,2613,302,0,0,42.41
drawio-desktop,jgraph,https://github.com/jgraph/drawio-desktop,56419,JavaScript,3011,20,159,0,96.21
you-get,soimort,https://github.com/soimort/you-get,56356,Python,4750,582,123,0,0
mkcert,FiloSottile,https://github.com/FiloSottile/mkcert,56204,Go,2615,52,14,0,69.48
traefik,traefik,https://github.com/traefik/traefik,56179,Go,3631,4705,481,0,89.91
git,git,https://github.com/git/git,56153,C,6239,3,0,0,0
vllm,vllm-project,https://github.com/vllm-project/vllm,56053,Python,925,8745,73,0,82.51
awesome-chatgpt-prompts-zh,PlexPt,https://github.com/PlexPt/awesome-chatgpt-prompts-zh,56012,,984,33,0,0,60.42
gatsby,gatsbyjs,https://github.com/gatsbyjs/gatsby,55918,JavaScript,3746,18184,149,0,98.48
openpilot,commaai,https://github.com/commaai/openpilot,55873,Python,3193,11777,58,0,95.72
leetcode,azl397985856,https://github.com/azl397985856/leetcode,55575,JavaScript,2702,257,40,0,96.5
Magisk,topjohnwu,https://github.com/topjohnwu/Magisk,55436,Kotlin,3270,1618,151,0,99.41
react-router,remix-run,https://github.com/remix-run/react-router,55396,TypeScript,4116,3194,311,0,98.78
face_recognition,ageitgey,https://github.com/ageitgey/face_recognition,55298,Python,3094,94,2,0,43.43
yolov5,ultralytics,https://github.com/ultralytics/yolov5,55076,Python,1922,2206,10,0,97.27
Real-Time-Voice-Cloning,CorentinJ,https://github.com/CorentinJ/Real-Time-Voice-Cloning,54899,Python,2280,48,0,0,81.38
gpt-engineer,AntonOsika,https://github.com/AntonOsika/gpt-engineer,54759,Python,846,350,20,0,93.81
minio,minio,https://github.com/minio/minio,54753,Go,3873,9855,519,0,99.55
ripgrep,BurntSushi,https://github.com/BurntSushi/ripgrep,54702,Rust,3451,516,72,0,92.29
AFFiNE,toeverything,https://github.com/toeverything/AFFiNE,54489,TypeScript,1118,8710,573,0,90.65
faceswap,deepfakes,https://github.com/deepfakes/faceswap,54430,Python,2803,357,4,0,96.14
zustand,pmndrs,https://github.com/pmndrs/zustand,54277,TypeScript,2327,808,98,0,99.71
element,ElemeFE,https://github.com/ElemeFE/element,54241,Vue,3275,3231,145,0,85.37
bat,sharkdp,https://github.com/sharkdp/bat,54079,Rust,2680,1468,41,0,78.59
ChatGPT,lencx,https://github.com/lencx/ChatGPT,54042,Rust,989,123,34,0,30.08
project-layout,golang-standards,https://github.com/golang-standards/project-layout,53555,Makefile,2904,90,0,0,39.29
awesome-android-ui,wasabeef,https://github.com/wasabeef/awesome-android-ui,53454,,3894,90,0,0,82.46
rich,Textualize,https://github.com/Textualize/rich,53420,Python,2112,836,170,0,85.52
normalize.css,necolas,https://github.com/necolas/normalize.css,53355,CSS,5224,56,0,0,89.17
hackingtool,Z4nzu,https://github.com/Z4nzu/hackingtool,53334,Python,1959,56,0,0,86.06
requests,psf,https://github.com/psf/requests,53197,Python,5304,1591,14,0,95.05
maybe,maybe-finance,https://github.com/maybe-finance/maybe,53158,Ruby,599,1073,28,0,0
pi-hole,pi-hole,https://github.com/pi-hole/pi-hole,53027,Shell,4093,2106,118,0,98.73
astro,withastro,https://github.com/withastro/astro,52969,TypeScript,1621,7328,1000,0,97.32
PaddleOCR,PaddlePaddle,https://github.com/PaddlePaddle/PaddleOCR,52901,Python,1932,2961,24,0,98.63
meilisearch,meilisearch,https://github.com/meilisearch/meilisearch,52885,Rust,2678,2148,266,0,90.86
FFmpeg,FFmpeg,https://github.com/FFmpeg/FFmpeg,52461,C,5244,16,0,0,0
appwrite,appwrite,https://github.com/appwrite/appwrite,52399,TypeScript,2328,3847,112,0,84.67
rclone,rclone,https://github.com/rclone/rclone,52204,Go,4177,2118,115,0,83.2
awesome-rust,rust-unofficial,https://github.com/rust-unofficial/awesome-rust,52182,Rust,4054,1568,0,0,92.96
github-cheat-sheet,tiimgreen,https://github.com/tiimgreen/github-cheat-sheet,52125,,4150,129,0,0,67.61
ionic-framework,ionic-team,https://github.com/ionic-team/ionic-framework,51994,TypeScript,4385,6304,914,0,97.39
material-design-icons,google,https://github.com/google/material-design-icons,51992,,3971,50,16,0,75.7
dive,wagoodman,https://github.com/wagoodman/dive,51790,Go,2658,164,28,0,56.27
pdf.js,mozilla,https://github.com/mozilla/pdf.js,51654,JavaScript,5232,8091,76,0,96.07
segment-anything,facebookresearch,https://github.com/facebookresearch/segment-anything,51614,Jupyter Notebook,883,15,0,0,25.32
crawl4ai,unclecode,https://github.com/unclecode/crawl4ai,51410,Python,470,89,8,0,81.41
core,vuejs,https://github.com/vuejs/core,51373,TypeScript,2628,3234,246,0,88.38
Docker-OSX,sickcodes,https://github.com/sickcodes/Docker-OSX,51227,Shell,1905,107,0,0,42.28
Semantic-UI,Semantic-Org,https://github.com/Semantic-Org/Semantic-UI,51195,JavaScript,4519,355,154,0,84.49
kotlin,JetBrains,https://github.com/JetBrains/kotlin,51135,Kotlin,4939,2064,266,0,0
firecrawl,firecrawl,https://github.com/firecrawl/firecrawl,51103,TypeScript,494,817,23,0,78.38
trackerslist,ngosang,https://github.com/ngosang/trackerslist,51088,,3407,1,0,0,98.76
guava,google,https://github.com/google/guava,51032,Java,4103,1013,56,0,82.65
OpenBB,OpenBB-finance,https://github.com/OpenBB-finance/OpenBB,51012,Python,1706,4114,46,0,98.35
marktext,marktext,https://github.com/marktext/marktext,51011,JavaScript,2840,939,36,0,56.2
joplin,laurent22,https://github.com/laurent22/joplin,50926,TypeScript,3140,4411,385,0,92.5
prettier,prettier,https://github.com/prettier/prettier,50862,JavaScript,3188,8872,127,0,82.44
starship,starship,https://github.com/starship/starship,50698,Rust,2334,2901,135,0,70.68
powerlevel10k,romkatv,https://github.com/romkatv/powerlevel10k,50622,Shell,2371,167,33,0,95.88
jekyll,jekyll,https://github.com/jekyll/jekyll,50503,Ruby,6150,3188,112,0,97.63
grok-1,xai-org,https://github.com/xai-org/grok-1,50409,Python,523,5,0,0,0
Ghost,TryGhost,https://github.com/TryGhost/Ghost,50361,JavaScript,4493,14280,903,0,99.07
gitea,go-gitea,https://github.com/go-gitea/gitea,50272,Go,3216,17778,216,0,82.58
GPT-SoVITS,RVC-Boss,https://github.com/RVC-Boss/GPT-SoVITS,50246,Python,586,338,4,0,62.26
DefinitelyTyped,DefinitelyTyped,https://github.com/DefinitelyTyped/DefinitelyTyped,50230,TypeScript,4704,52119,1,0,92.99
ImHex,WerWolv,https://github.com/WerWolv/ImHex,50209,C++,1746,671,80,0,83.36
etcd,etcd-io,https://github.com/etcd-io/etcd,50126,Go,4430,9795,259,0,97.4
pocketbase,pocketbase,https://github.com/pocketbase/pocketbase,50011,Go,1144,54,220,0,98.97
first-contributions,firstcontributions,https://github.com/firstcontributions/first-contributions,49993,,3258,86141,0,0,97.43
chinese-poetry,chinese-poetry,https://github.com/chinese-poetry/chinese-poetry,49960,JavaScript,3276,137,1,0,43.6
bulma,jgthms,https://github.com/jgthms/bulma,49907,CSS,3499,642,22,0,87.89
awesome-ios,vsouza,https://github.com/vsouza/awesome-ios,49691,Swift,4061,2233,0,0,99.59
go-ethereum,ethereum,https://github.com/ethereum/go-ethereum,49603,Go,4257,8252,219,0,97.6
cline,cline,https://github.com/cline/cline,49599,TypeScript,412,1659,146,0,77.99
hiring-without-whiteboards,poteto,https://github.com/poteto/hiring-without-whiteboards,49166,JavaScript,3082,1300,0,0,0
OpenManus,FoundationAgents,https://github.com/FoundationAgents/OpenManus,49164,Python,169,106,3,0,44.26
autogen,microsoft,https://github.com/microsoft/autogen,49001,Python,735,2499,97,0,86.24
Motrix,agalwood,https://github.com/agalwood/Motrix,48954,JavaScript,2439,192,21,0,44.25
mastodon,mastodon,https://github.com/mastodon/mastodon,48893,Ruby,3469,17716,289,0,67.19
cypress,cypress-io,https://github.com/cypress-io/cypress,48832,TypeScript,3824,7372,373,0,91.33
awesome-wechat-weapp,justjavac,https://github.com/justjavac/awesome-wechat-weapp,48758,,3256,277,0,0,0
30-Days-Of-Python,Asabeneh,https://github.com/Asabeneh/30-Days-Of-Python,48702,Python,2103,61,0,0,58.52
hacker-scripts,NARKOZ,https://github.com/NARKOZ/hacker-scripts,48650,JavaScript,3562,63,0,0,60.23
alist,AlistGo,https://github.com/AlistGo/alist,48295,Go,1703,860,137,0,87.37
RxJava,ReactiveX,https://github.com/ReactiveX/RxJava,48252,Java,4609,3329,241,0,99.62
vaultwarden,dani-garcia,https://github.com/dani-garcia/vaultwarden,48249,Rust,2743,993,73,0,99.53
PowerShell,PowerShell,https://github.com/PowerShell/PowerShell,48245,C#,3509,7550,186,0,91.54
anything-llm,Mintplex-Labs,https://github.com/Mintplex-Labs/anything-llm,48222,JavaScript,810,1072,20,0,90.66
dayjs,iamkun,https://github.com/iamkun/dayjs,48156,JavaScript,2691,694,119,0,47.94
moment,moment,https://github.com/moment/moment,48091,JavaScript,5288,714,0,0,94.15
100-Days-Of-ML-Code,Avik-Jain,https://github.com/Avik-Jain/100-Days-Of-ML-Code,48016,,2605,6,0,0,0
professional-programming,charlax,https://github.com/charlax/professional-programming,47950,Python,3576,39,0,0,100.0
algorithm-visualizer,algorithm-visualizer,https://github.com/algorithm-visualizer/algorithm-visualizer,47654,JavaScript,3386,183,0,0,64.41
ChinaTextbook,TapXWorld,https://github.com/TapXWorld/ChinaTextbook,47542,Roff,2056,1,0,0,47.32
julia,JuliaLang,https://github.com/JuliaLang/julia,47529,Julia,5237,25824,181,0,84.31
big-list-of-naughty-strings,minimaxir,https://github.com/minimaxir/big-list-of-naughty-strings,47385,Python,3667,90,0,1,31.68
huginn,huginn,https://github.com/huginn/huginn,47108,Ruby,4548,1043,1,0,72.3
json,nlohmann,https://github.com/nlohmann/json,46931,C++,4432,901,45,0,98.25
ladybird,LadybirdBrowser,https://github.com/LadybirdBrowser/ladybird,46902,C++,449,4243,0,0,55.79
serverless,serverless,https://github.com/serverless/serverless,46839,JavaScript,3776,4717,454,0,82.62
gogs,gogs,https://github.com/gogs/gogs,46800,Go,4209,1766,84,0,81.87
Projects,karan,https://github.com/karan/Projects,46758,,4432,19,0,0,42.17
design-patterns-for-humans,kamranahmedse,https://github.com/kamranahmedse/design-patterns-for-humans,46749,,3109,50,0,0,90.38
x64dbg,x64dbg,https://github.com/x64dbg/x64dbg,46731,C++,3786,744,4,0,76.96
okhttp,square,https://github.com/square/okhttp,46604,Kotlin,4778,3765,0,0,98.8
react,typescript-cheatsheets,https://github.com/typescript-cheatsheets/react,46558,JavaScript,2638,370,0,0,99.1
pandas,pandas-dev,https://github.com/pandas-dev/pandas,46370,Python,5477,26923,112,0,87.04
query,TanStack,https://github.com/TanStack/query,46351,TypeScript,2173,2894,1000,0,97.05
type-challenges,type-challenges,https://github.com/type-challenges/type-challenges,46315,TypeScript,1856,588,0,0,10.59
v2ray-core,v2ray,https://github.com/v2ray/v2ray-core,46303,Go,3640,203,247,0,99.69
terraform,hashicorp,https://github.com/hashicorp/terraform,46213,Go,4180,12789,378,0,91.89
open-source-ios-apps,dkhamsing,https://github.com/dkhamsing/open-source-ios-apps,46207,,3861,1411,37,0,100.0
learn-regex,ziishaned,https://github.com/ziishaned/learn-regex,46066,,2953,131,0,0,40.23
Fooocus,lllyasviel,https://github.com/lllyasviel/Fooocus,46056,Python,744,447,21,0,86.9
quill,slab,https://github.com/slab/quill,45981,TypeScript,4771,381,95,0,86.54
lx-music-desktop,lyswhut,https://github.com/lyswhut/lx-music-desktop,45843,TypeScript,2200,86,110,0,56.36
htmx,bigskysoftware,https://github.com/bigskysoftware/htmx,45755,JavaScript,1957,956,26,0,63.93
lazydocker,jesseduffield,https://github.com/jesseduffield/lazydocker,45730,Go,2288,186,42,0,52.49
pixijs,pixijs,https://github.com/pixijs/pixijs,45600,TypeScript,4596,3684,293,0,96.09
kubernetes-the-hard-way,kelseyhightower,https://github.com/kelseyhightower/kubernetes-the-hard-way,45520,,3333,73,0,0,96.96
PythonDataScienceHandbook,jakevdp,https://github.com/jakevdp/PythonDataScienceHandbook,45270,Jupyter Notebook,3299,28,0,0,38.42
awesome-react-components,brillout,https://github.com/brillout/awesome-react-components,45266,,3346,324,0,0,84.62
architecture-samples,android,https://github.com/android/architecture-samples,45253,Kotlin,3486,232,0,0,71.6
jadx,skylot,https://github.com/skylot/jadx,45200,Java,4540,577,31,0,79.67
odoo,odoo,https://github.com/odoo/odoo,45187,Python,4119,6181,0,0,82.12
typst,typst,https://github.com/typst/typst,45044,Rust,2159,1828,22,0,73.98
jest,jestjs,https://github.com/jestjs/jest,44983,TypeScript,4274,5701,208,0,96.88
30-Days-Of-JavaScript,Asabeneh,https://github.com/Asabeneh/30-Days-Of-JavaScript,44957,JavaScript,2069,98,0,0,33.91
dbeaver,dbeaver,https://github.com/dbeaver/dbeaver,44951,Java,3593,6124,230,0,84.28
AdminLTE,ColorlibHQ,https://github.com/ColorlibHQ/AdminLTE,44942,CSS,4258,1545,77,0,95.15
open-source-mac-os-apps,serhii-londar,https://github.com/serhii-londar/open-source-mac-os-apps,44928,,2849,525,0,0,76.3
discourse,discourse,https://github.com/discourse/discourse,44878,Ruby,4606,30081,0,0,0
awesome-java,akullpp,https://github.com/akullpp/awesome-java,44790,,4062,715,0,0,100.0
text-generation-webui,oobabooga,https://github.com/oobabooga/text-generation-webui,44772,Python,975,1183,80,0,35.69
meteor,meteor,https://github.com/meteor/meteor,44682,JavaScript,4964,2537,0,1,97.19
ultralytics,ultralytics,https://github.com/ultralytics/ultralytics,44678,Python,1076,3514,258,0,97.88
frontend-dev-bookmarks,dypsilon,https://github.com/dypsilon/frontend-dev-bookmarks,44648,,4444,129,1,0,76.64
brew,Homebrew,https://github.com/Homebrew/brew,44604,Ruby,3456,13004,443,0,99.63
unsloth,unslothai,https://github.com/unslothai/unsloth,44538,Python,632,481,16,0,70.7
zx,google,https://github.com/google/zx,44507,JavaScript,1570,552,96,0,97.14
coolify,coollabsio,https://github.com/coollabsio/coolify,44475,PHP,1670,1646,619,0,79.8
termux-app,termux,https://github.com/termux/termux-app,44356,Java,3591,162,95,0,86.18
hyper,vercel,https://github.com/vercel/hyper,44194,TypeScript,3339,3291,88,0,75.3
CppCoreGuidelines,isocpp,https://github.com/isocpp/CppCoreGuidelines,44102,CSS,3656,812,4,0,79.6
v2rayNG,2dust,https://github.com/2dust/v2rayNG,44090,Kotlin,2291,498,256,0,99.77
parcel,parcel-bundler,https://github.com/parcel-bundler/parcel,43933,JavaScript,2937,2591,48,1,91.31
llama_index,run-llama,https://github.com/run-llama/llama_index,43840,Python,1024,7020,405,0,96.75
awesome-design-patterns,DovAmir,https://github.com/DovAmir/awesome-design-patterns,43808,,2636,30,0,0,33.33
memos,usememos,https://github.com/usememos/memos,43786,Go,1353,1796,80,0,98.99
nanoGPT,karpathy,https://github.com/karpathy/nanoGPT,43774,Python,968,45,0,0,32.34
build-web-application-with-golang,astaxie,https://github.com/astaxie/build-web-application-with-golang,43770,Go,4768,757,0,0,60.2
acme.sh,acmesh-official,https://github.com/acmesh-official/acme.sh,43740,Shell,3527,1422,44,0,67.51
awesome-cheatsheets,LeCoupa,https://github.com/LeCoupa/awesome-cheatsheets,43728,JavaScript,2843,169,0,0,61.46
react-hook-form,react-hook-form,https://github.com/react-hook-form/react-hook-form,43718,TypeScript,2362,2071,585,0,98.47
babel,babel,https://github.com/babel/babel,43701,TypeScript,3981,6288,442,0,93.39
TensorFlow-Examples,aymericdamien,https://github.com/aymericdamien/TensorFlow-Examples,43695,Jupyter Notebook,3572,88,0,0,29.54
monaco-editor,microsoft,https://github.com/microsoft/monaco-editor,43691,JavaScript,3363,467,91,0,82.26
retrofit,square,https://github.com/square/retrofit,43684,HTML,5464,1186,4,0,95.38
JeecgBoot,jeecgboot,https://github.com/jeecgboot/JeecgBoot,43677,Java,2461,122,61,0,99.68
fuels-rs,FuelLabs,https://github.com/FuelLabs/fuels-rs,43633,Rust,1391,899,117,0,92.55
fuels-ts,FuelLabs,https://github.com/FuelLabs/fuels-ts,43618,TypeScript,1449,1969,154,0,96.02
prisma,prisma,https://github.com/prisma/prisma,43568,TypeScript,2255,6351,223,0,79.65
grpc,grpc,https://github.com/grpc/grpc,43532,C++,3910,20039,355,0,94.28
front-end-interview-handbook,yangshun,https://github.com/yangshun/front-end-interview-handbook,43455,MDX,2778,346,0,0,90.1
Leaflet,Leaflet,https://github.com/Leaflet/Leaflet,43450,JavaScript,5448,3115,33,0,92.52
react-use,streamich,https://github.com/streamich/react-use,43445,TypeScript,2491,1532,256,0,40.8
metabase,metabase,https://github.com/metabase/metabase,43365,Clojure,3854,34120,678,0,84.51
Rocket.Chat,RocketChat,https://github.com/RocketChat/Rocket.Chat,43254,TypeScript,3748,14483,1000,0,84.24
pyenv,pyenv,https://github.com/pyenv/pyenv,42970,Roff,4739,974,132,0,97.15
edex-ui,GitSquared,https://github.com/GitSquared/edex-ui,42950,JavaScript,3128,399,29,0,98.93
Flowise,FlowiseAI,https://github.com/FlowiseAI/Flowise,42886,TypeScript,875,1329,73,0,72.46
jellyfin,jellyfin,https://github.com/jellyfin/jellyfin,42849,C#,2448,4819,91,0,94.55
reactjs-interview-questions,sudheerj,https://github.com/sudheerj/reactjs-interview-questions,42824,JavaScript,2640,162,0,0,97.27
expo,expo,https://github.com/expo/expo,42594,TypeScript,3294,17943,0,0,97.5
whisper.cpp,ggml-org,https://github.com/ggml-org/whisper.cpp,42584,C++,1062,863,27,0,47.57
nvm-windows,coreybutler,https://github.com/coreybutler/nvm-windows,42497,Go,3989,107,23,0,91.37
ClickHouse,ClickHouse,https://github.com/ClickHouse/ClickHouse,42489,C++,3368,50444,672,0,82.19
pm2,Unitech,https://github.com/Unitech/pm2,42477,JavaScript,4476,551,128,0,80.28
git-flight-rules,k88hudson,https://github.com/k88hudson/git-flight-rules,42422,,4049,225,0,0,75.34
MinerU,opendatalab,https://github.com/opendatalab/MinerU,42354,Python,540,1026,121,0,92.11
Made-With-ML,GokuMohandas,https://github.com/GokuMohandas/Made-With-ML,42266,Jupyter Notebook,2482,147,0,0,78.38
TTS,coqui-ai,https://github.com/coqui-ai/TTS,42196,Python,1920,465,98,0,99.5
what-happens-when,alex,https://github.com/alex/what-happens-when,42190,,4306,108,0,0,18.15
Alamofire,Alamofire,https://github.com/Alamofire/Alamofire,42054,Swift,4040,650,102,0,98.5
python-patterns,faif,https://github.com/faif/python-patterns,41974,Python,4825,273,0,0,89.25
ruff,astral-sh,https://github.com/astral-sh/ruff,41863,Rust,1109,11190,376,0,78.82
CPlusPlusThings,Light-City,https://github.com/Light-City/CPlusPlusThings,41861,C++,2231,72,0,0,95.61
sentry,getsentry,https://github.com/getsentry/sentry,41790,Python,5471,72741,154,0,86.33
spark,apache,https://github.com/apache/spark,41726,Scala,4196,8,0,0,0
airflow,apache,https://github.com/apache/airflow,41685,Python,3784,29365,103,0,89.77
iina,iina,https://github.com/iina/iina,41634,Swift,3168,851,45,0,57.98
stablediffusion,Stability-AI,https://github.com/Stability-AI/stablediffusion,41611,Python,1003,17,0,0,23.46
kong,Kong,https://github.com/Kong/kong,41593,Lua,3931,6478,145,0,98.51
EasySpider,NaiboWang,https://github.com/NaiboWang/EasySpider,41580,JavaScript,1861,40,10,0,68.02
freqtrade,freqtrade,https://github.com/freqtrade/freqtrade,41572,Python,3019,5895,100,0,99.47
yarn,yarnpkg,https://github.com/yarnpkg/yarn,41558,JavaScript,3503,1654,152,0,71.62
cobra,spf13,https://github.com/spf13/cobra,41514,Go,4371,614,24,0,81.35
tldraw,tldraw,https://github.com/tldraw/tldraw,41414,TypeScript,1566,3557,81,0,86.98
diagrams,mingrammer,https://github.com/mingrammer/diagrams,41368,Python,2028,328,44,0,41.65
swiper,nolimits4web,https://github.com/nolimits4web/swiper,41331,JavaScript,4909,604,87,0,96.26
ailearning,apachecn,https://github.com/apachecn/ailearning,41295,Python,3100,478,2,0,97.39
dubbo,apache,https://github.com/apache/dubbo,41241,Java,4812,5786,111,0,89.0
bevy,bevyengine,https://github.com/bevyengine/bevy,41175,Rust,2043,6202,43,0,66.99
vue2-elm,bailicangdu,https://github.com/bailicangdu/vue2-elm,41150,Vue,3164,21,0,0,81.27
Pake,tw93,https://github.com/tw93/Pake,41128,JavaScript,1043,100,32,0,93.52
ChatGLM-6B,zai-org,https://github.com/zai-org/ChatGLM-6B,41112,Python,893,48,0,0,57.42
ColossalAI,hpcaitech,https://github.com/hpcaitech/ColossalAI,41106,Python,1394,3699,50,0,75.25
jsoncrack.com,AykutSarac,https://github.com/AykutSarac/jsoncrack.com,41057,TypeScript,1300,85,22,0,87.97
uni-app,dcloudio,https://github.com/dcloudio/uni-app,41055,JavaScript,2598,459,0,0,85.97
streamlit,streamlit,https://github.com/streamlit/streamlit,41034,Python,2191,5665,105,0,79.56
nw.js,nwjs,https://github.com/nwjs/nw.js,41033,JavaScript,4979,575,0,0,87.54
spotube,KRTirtho,https://github.com/KRTirtho/spotube,41023,Dart,1650,246,40,0,58.08
awesome-compose,docker,https://github.com/docker/awesome-compose,40923,HTML,2017,149,0,0,31.5
chinese-independent-developer,1c7,https://github.com/1c7/chinese-independent-developer,40894,,2892,315,0,0,99.0
styled-components,styled-components,https://github.com/styled-components/styled-components,40882,TypeScript,3293,966,176,0,89.77
black,psf,https://github.com/psf/black,40841,Python,2718,1585,46,0,87.92
vuetify,vuetifyjs,https://github.com/vuetifyjs/vuetify,40691,TypeScript,3266,4390,605,0,96.63
hexo,hexojs,https://github.com/hexojs/hexo,40671,TypeScript,4716,945,114,0,98.17
zig,ziglang,https://github.com/ziglang/zig,40664,Zig,3669,9179,20,0,74.04
TrafficMonitor,zhongyang219,https://github.com/zhongyang219/TrafficMonitor,40577,C++,2945,63,26,0,37.81
fastlane,fastlane,https://github.com/fastlane/fastlane,40424,Ruby,3916,6234,552,0,94.8
cli,cli,https://github.com/cli/cli,40381,Go,2150,2605,175,0,83.76
fanqiang,bannedbook,https://github.com/bannedbook/fanqiang,40300,Kotlin,3873,3,3,0,58.67
mitmproxy,mitmproxy,https://github.com/mitmproxy/mitmproxy,40251,Python,5666,2632,76,0,90.65
Summer2026-Internships,SimplifyJobs,https://github.com/SimplifyJobs/Summer2026-Internships,40186,,1917,1673,0,0,99.22
pure-bash-bible,dylanaraps,https://github.com/dylanaraps/pure-bash-bible,40002,Shell,2627,28,0,0,42.86
tabler,tabler,https://github.com/tabler/tabler,39961,HTML,2759,722,51,0,92.03
cheat.sh,chubin,https://github.com/chubin/cheat.sh,39927,Python,3029,129,0,0,51.55
WeChatMsg,LC044,https://github.com/LC044/WeChatMsg,39913,,954,62,0,0,0
DeepSpeed,deepspeedai,https://github.com/deepspeedai/DeepSpeed,39836,Python,2038,2747,98,0,65.59
penpot,penpot,https://github.com/penpot/penpot,39772,Clojure,3524,4520,59,0,74.43
GitHubDaily,GitHubDaily,https://github.com/GitHubDaily/GitHubDaily,39752,,2427,3,0,0,30.56
AI-For-Beginners,microsoft,https://github.com/microsoft/AI-For-Beginners,39740,Jupyter Notebook,1633,171,0,0,79.7
zod,colinhacks,https://github.com/colinhacks/zod,39630,TypeScript,1994,840,179,0,92.91
gradio,gradio-app,https://github.com/gradio-app/gradio,39592,Python,2438,4751,1000,0,92.77
50projects50days,bradtraversy,https://github.com/bradtraversy/50projects50days,39591,CSS,1740,44,0,0,0
chakra-ui,chakra-ui,https://github.com/chakra-ui/chakra-ui,39573,TypeScript,2197,2811,1000,0,100.0
helix,helix-editor,https://github.com/helix-editor/helix,39555,Rust,1908,4249,30,0,84.4
awesome-remote-job,lukasz-madon,https://github.com/lukasz-madon/awesome-remote-job,39517,,3885,592,0,0,93.75
ai-hedge-fund,virattt,https://github.com/virattt/ai-hedge-fund,39498,Python,266,33,0,0,91.24
slidev,slidevjs,https://github.com/slidevjs/slidev,39492,TypeScript,1581,711,394,0,88.39
bert,google-research,https://github.com/google-research/bert,39444,Python,2493,32,0,0,31.0
wrk,wg,https://github.com/wg/wrk,39408,C,4903,0,0,0,64.53
php-src,php,https://github.com/php/php-src,39391,C,5181,4257,23,0,80.86
zju-icicles,QSCTech,https://github.com/QSCTech/zju-icicles,39376,HTML,3342,224,0,0,88.46
MoneyPrinterTurbo,harry0703,https://github.com/harry0703/MoneyPrinterTurbo,39365,Python,529,136,9,0,68.59
legado,gedoor,https://github.com/gedoor/legado,39342,Kotlin,2284,1134,115,0,98.55
fd,sharkdp,https://github.com/sharkdp/fd,39259,Rust,3027,651,40,0,85.82
esbuild,evanw,https://github.com/evanw/esbuild,39251,Go,3356,246,301,0,86.31
Deep-Learning-Papers-Reading-Roadmap,floodsung,https://github.com/floodsung/Deep-Learning-Papers-Reading-Roadmap,39231,Python,3234,28,0,0,8.77
winutil,ChrisTitusTech,https://github.com/ChrisTitusTech/winutil,39209,PowerShell,1212,846,22,0,89.7
upscayl,upscayl,https://github.com/upscayl/upscayl,39199,TypeScript,1119,100,29,0,93.9
English-level-up-tips,byoungd,https://github.com/byoungd/English-level-up-tips,39161,HTML,3006,26,0,0,71.29
video.js,videojs,https://github.com/videojs/video.js,39063,JavaScript,5579,1801,332,0,89.27
FastChat,lm-sys,https://github.com/lm-sys/FastChat,39017,Python,888,849,14,0,56.11
materialize,Dogfalo,https://github.com/Dogfalo/materialize,38963,JavaScript,3997,449,41,0,88.07
tidb,pingcap,https://github.com/pingcap/tidb,38912,Go,3638,33108,210,0,81.01
pandoc,jgm,https://github.com/jgm/pandoc,38888,Haskell,5634,1684,147,0,87.86
vim,vim,https://github.com/vim/vim,38812,Vim Script,3657,440,0,0,83.01
gorm,go-gorm,https://github.com/go-gorm/gorm,38737,Go,4319,753,5,0,92.41
tmux,tmux,https://github.com/tmux/tmux,38634,C,3733,1,37,0,98.52
mem0,mem0ai,https://github.com/mem0ai/mem0,38622,Python,794,1669,265,0,68.01
curl,curl,https://github.com/curl/curl,38619,C,5636,198,91,0,99.81
ray,ray-project,https://github.com/ray-project/ray,38596,Python,3223,27166,108,0,87.08
remote-jobs,remoteintech,https://github.com/remoteintech/remote-jobs,38590,JavaScript,3601,1283,0,0,88.42
chatgpt-on-wechat,zhayujie,https://github.com/zhayujie/chatgpt-on-wechat,38570,Python,1111,261,63,0,84.99
aria2,aria2,https://github.com/aria2/aria2,38526,C++,5382,253,24,0,43.57
styleguide,google,https://github.com/google/styleguide,38434,HTML,3747,194,0,0,67.32
RSSHub,DIYgod,https://github.com/DIYgod/RSSHub,38407,TypeScript,2699,11065,0,0,94.21
bark,suno-ai,https://github.com/suno-ai/bark,38400,Jupyter Notebook,868,19,0,0,50.96
daisyui,saadeghi,https://github.com/saadeghi/daisyui,38389,Svelte,1728,426,100,0,97.67
quivr,QuivrHQ,https://github.com/QuivrHQ/quivr,38322,Python,833,1819,354,0,99.87
phaser,phaserjs,https://github.com/phaserjs/phaser,38289,JavaScript,4515,1729,172,0,98.26
trpc,trpc,https://github.com/trpc/trpc,38286,TypeScript,1861,3711,218,0,88.78
plane,makeplane,https://github.com/makeplane/plane,38257,TypeScript,1007,5599,48,0,66.11
Files,files-community,https://github.com/files-community/Files,38242,C#,2422,5337,123,0,95.3
photoprism,photoprism,https://github.com/photoprism/photoprism,38168,Go,2764,812,78,0,82.19
logseq,logseq,https://github.com/logseq/logseq,38124,Clojure,1918,3066,150,0,84.57
MPAndroidChart,PhilJay,https://github.com/PhilJay/MPAndroidChart,38090,Java,4137,191,44,0,58.4
free,freefq,https://github.com/freefq/free,38074,,1902,0,0,0,28.84
impress.js,impress,https://github.com/impress/impress.js,38043,JavaScript,4986,120,15,0,89.23
leveldb,google,https://github.com/google/leveldb,38030,C++,4013,64,21,0,69.11
shellcheck,koalaman,https://github.com/koalaman/shellcheck,37964,Haskell,4661,306,30,0,60.3
preact,preactjs,https://github.com/preactjs/preact,37894,JavaScript,3633,1920,231,0,97.09
appsmith,appsmithorg,https://github.com/appsmithorg/appsmith,37758,TypeScript,1879,13948,290,0,81.58
ccxt,ccxt,https://github.com/ccxt/ccxt,37721,Python,3022,13372,173,0,92.49
cal.com,calcom,https://github.com/calcom/cal.com,37676,TypeScript,1614,10534,511,0,85.88
novu,novuhq,https://github.com/novuhq/novu,37638,TypeScript,1457,6013,50,0,86.3
Awesome-Design-Tools,goabstract,https://github.com/goabstract/Awesome-Design-Tools,37633,JavaScript,2383,283,0,0,55.56
ChatTTS,2noise,https://github.com/2noise/ChatTTS,37600,Python,452,214,6,0,89.48
python-cheatsheet,gto76,https://github.com/gto76/python-cheatsheet,37585,Python,2766,14,0,0,92.31
system-design,karanpratapsingh,https://github.com/karanpratapsingh/system-design,37545,,1103,11,0,0,95.45
freecodecamp.cn,FreeCodeCampChina,https://github.com/FreeCodeCampChina/freecodecamp.cn,37458,CSS,3248,55,0,0,75.94
Open-Assistant,LAION-AI,https://github.com/LAION-AI/Open-Assistant,37454,Python,983,1614,127,0,86.14
fiber,gofiber,https://github.com/gofiber/fiber,37441,Go,2045,1808,127,0,95.03
Free-Certifications,cloudcommunity,https://github.com/cloudcommunity/Free-Certifications,37438,,1848,114,0,0,65.09
ant-design-pro,ant-design,https://github.com/ant-design/ant-design-pro,37431,TypeScript,2919,1008,26,0,98.43
jan,menloresearch,https://github.com/menloresearch/jan,37353,TypeScript,736,2679,87,0,95.27
tutorials,eugenp,https://github.com/eugenp/tutorials,37236,Java,4498,13368,0,0,97.85
data-engineer-handbook,DataExpert-io,https://github.com/DataExpert-io/data-engineer-handbook,37233,Jupyter Notebook,642,171,0,0,83.12
lapce,lapce,https://github.com/lapce/lapce,37199,Rust,2754,1171,32,0,59.53
istio,istio,https://github.com/istio/istio,37175,Go,3199,28441,393,0,97.79
full-stack-fastapi-template,fastapi,https://github.com/fastapi/full-stack-fastapi-template,37074,TypeScript,2372,411,10,0,60.47
payload,payloadcms,https://github.com/payloadcms/payload,37069,TypeScript,1690,5827,522,0,89.85
tesseract.js,naptha,https://github.com/naptha/tesseract.js,37058,JavaScript,3712,195,56,0,95.73
devdocs,freeCodeCamp,https://github.com/freeCodeCamp/devdocs,37049,Ruby,4320,926,0,0,84.47
windows,dockur,https://github.com/dockur/windows,37017,Shell,586,411,104,0,88.49
GFPGAN,TencentARC,https://github.com/TencentARC/GFPGAN,37006,Python,1617,14,8,0,26.85
aspnetcore,dotnet,https://github.com/dotnet/aspnetcore,36998,C#,4182,17775,258,0,90.63
interview_internal_reference,0voice,https://github.com/0voice/interview_internal_reference,36976,Python,2265,35,0,1,38.78
insomnia,Kong,https://github.com/Kong/insomnia,36969,TypeScript,3408,3354,525,0,82.41
docs,inkonchain,https://github.com/inkonchain/docs,36930,MDX,472,393,0,0,39.39
wtfjs,denysdovhan,https://github.com/denysdovhan/wtfjs,36921,JavaScript,2961,125,25,0,81.2
node,inkonchain,https://github.com/inkonchain/node,36893,Shell,466,35,6,0,54.17
aider,Aider-AI,https://github.com/Aider-AI/aider,36874,Python,836,263,93,0,72.92
taro,NervJS,https://github.com/NervJS/taro,36837,TypeScript,2693,3392,200,0,87.81
ink-kit,inkonchain,https://github.com/inkonchain/ink-kit,36799,TypeScript,291,90,0,0,75.0
googletest,google,https://github.com/google/googletest,36779,C++,3678,813,11,0,85.19
siyuan,siyuan-note,https://github.com/siyuan-note/siyuan,36758,TypeScript,1818,481,812,0,97.27
milvus,milvus-io,https://github.com/milvus-io/milvus,36732,Go,2167,22790,129,0,95.87
faiss,facebookresearch,https://github.com/facebookresearch/faiss,36731,C++,3118,137,20,0,91.32
deeplearningbook-chinese,exacity,https://github.com/exacity/deeplearningbook-chinese,36685,TeX,3180,16,7,0,68.47
interview,huihut,https://github.com/huihut/interview,36648,C++,2751,35,0,0,98.48
v,vlang,https://github.com/vlang/v,36641,V,2387,12269,274,0,88.74
arthas,alibaba,https://github.com/alibaba/arthas,36635,Java,2550,540,59,0,82.23
halo,halo-dev,https://github.com/halo-dev/halo,36633,Java,2711,2615,226,0,93.22
JavaFamily,AobingJava,https://github.com/AobingJava/JavaFamily,36600,,2110,2,0,1,92.31
wtfpython,satwikkansal,https://github.com/satwikkansal/wtfpython,36579,Python,2916,113,2,0,70.72
MockingBird,babysor,https://github.com/babysor/MockingBird,36567,Python,1476,80,1,0,46.4
docling,docling-project,https://github.com/docling-project/docling,36539,Python,409,520,117,0,56.15
cli,httpie,https://github.com/httpie/cli,36409,Python,4927,406,47,0,80.04
gym,openai,https://github.com/openai/gym,36406,Python,3404,998,19,0,93.91
ToolJet,ToolJet,https://github.com/ToolJet/ToolJet,36361,JavaScript,1606,6676,322,0,87.35
bruno,usebruno,https://github.com/usebruno/bruno,36358,JavaScript,1060,1267,140,0,60.63
chatbox,chatboxai,https://github.com/chatboxai/chatbox,36325,TypeScript,900,71,47,0,63.76
HEU_KMS_Activator,zbezj,https://github.com/zbezj/HEU_KMS_Activator,36311,,2252,0,48,0,15.38
Umi-OCR,hiroi-sora,https://github.com/hiroi-sora/Umi-OCR,36231,Python,1243,56,31,0,65.47
google-research,google-research,https://github.com/google-research/google-research,36220,Jupyter Notebook,2514,29,0,0,24.43
metasploit-framework,rapid7,https://github.com/rapid7/metasploit-framework,36207,Ruby,5106,11346,0,0,93.04
og-aws,open-guides,https://github.com/open-guides/og-aws,36200,Shell,3327,498,0,0,38.33
nushell,nushell,https://github.com/nushell/nushell,36154,Rust,2296,7902,111,0,77.71
MediaCrawler,NanmiCoder,https://github.com/NanmiCoder/MediaCrawler,36108,Python,805,101,0,0,79.84
manifesto,opentofu,https://github.com/opentofu/manifesto,36084,HTML,740,765,0,0,53.85
date-fns,date-fns,https://github.com/date-fns/date-fns,36052,TypeScript,3973,1068,122,0,68.45
shadowsocks-android,shadowsocks,https://github.com/shadowsocks/shadowsocks-android,36025,Kotlin,4632,256,185,0,98.08
compose,docker,https://github.com/docker/compose,36009,Go,4274,3541,263,0,99.01
lerna,lerna,https://github.com/lerna/lerna,36008,TypeScript,3549,997,244,0,85.12
crewAI,crewAIInc,https://github.com/crewAIInc/crewAI,36006,Python,665,937,99,0,96.77
codex,openai,https://github.com/openai/codex,35945,Rust,131,937,85,0,68.65
Langchain-Chatchat,chatchat-space,https://github.com/chatchat-space/Langchain-Chatchat,35939,TypeScript,875,615,31,0,97.44
DragGAN,XingangPan,https://github.com/XingangPan/DragGAN,35914,Python,827,18,0,0,24.08
sheetjs,SheetJS,https://github.com/SheetJS/sheetjs,35876,,4645,106,0,0,95.01
955.WLB,formulahendry,https://github.com/formulahendry/955.WLB,35852,,2340,18,0,0,31.18
cobalt,imputnet,https://github.com/imputnet/cobalt,35782,Svelte,1141,243,0,0,82.64
hello-algorithm,geekxh,https://github.com/geekxh/hello-algorithm,35755,Java,1911,26,0,0,75.0
typeorm,typeorm,https://github.com/typeorm/typeorm,35696,TypeScript,3462,2176,38,0,72.1
carbon,carbon-app,https://github.com/carbon-app/carbon,35637,JavaScript,2989,668,215,0,91.4
puter,HeyPuter,https://github.com/HeyPuter/puter,35617,JavaScript,537,593,8,0,74.71
koa,koajs,https://github.com/koajs/koa,35602,JavaScript,4416,522,9,0,98.16
HanLP,hankcs,https://github.com/hankcs/HanLP,35539,Python,3970,79,62,0,99.44
fullPage.js,alvarotrigo,https://github.com/alvarotrigo/fullPage.js,35464,JavaScript,4354,320,105,0,96.8
lottie-android,airbnb,https://github.com/airbnb/lottie-android,35455,Java,3242,713,59,0,98.09
engineering-blogs,kilimchoi,https://github.com/kilimchoi/engineering-blogs,35429,Ruby,3723,681,0,0,76.29
REKCARC-TSC-UHT,PKUanonym,https://github.com/PKUanonym/REKCARC-TSC-UHT,35405,HTML,2331,171,0,0,93.75
desktop,zen-browser,https://github.com/zen-browser/desktop,35393,C++,513,481,115,0,94.46
marked,markedjs,https://github.com/markedjs/marked,35384,TypeScript,5143,1554,156,0,99.25
mindsdb,mindsdb,https://github.com/mindsdb/mindsdb,35377,Python,2577,5370,311,0,98.93
awesome-react-native,jondot,https://github.com/jondot/awesome-react-native,35327,JavaScript,3802,912,0,0,47.95
nativefier,nativefier,https://github.com/nativefier/nativefier,35285,TypeScript,3701,261,99,0,79.39
spacedrive,spacedriveapp,https://github.com/spacedriveapp/spacedrive,35266,TypeScript,1425,1881,26,0,76.53
vim-plug,junegunn,https://github.com/junegunn/vim-plug,35156,Vim Script,4364,177,8,0,93.15
sqlmap,sqlmapproject,https://github.com/sqlmapproject/sqlmap,35109,Python,4805,173,10,0,99.1
pytorch-image-models,huggingface,https://github.com/huggingface/pytorch-image-models,35093,Python,2393,479,69,0,94.89
twenty,twentyhq,https://github.com/twentyhq/twenty,35070,TypeScript,995,7212,46,0,96.41
hackathon-starter,sahat,https://github.com/sahat/hackathon-starter,35053,JavaScript,4300,347,17,1,98.53
awesome-shell,alebcay,https://github.com/alebcay/awesome-shell,35022,,4064,307,0,0,37.1
the-way-to-go_ZH_CN,unknwon,https://github.com/unknwon/the-way-to-go_ZH_CN,35017,Go,4534,592,0,0,0
polars,pola-rs,https://github.com/pola-rs/polars,35004,Rust,1927,11481,226,0,77.19
glide,bumptech,https://github.com/bumptech/glide,34941,Java,4428,571,47,0,87.46
NewPipe,TeamNewPipe,https://github.com/TeamNewPipe/NewPipe,34831,Java,3641,1661,137,0,87.29
Coursera-ML-AndrewNg-Notes,fengdu78,https://github.com/fengdu78/Coursera-ML-AndrewNg-Notes,34815,HTML,2848,13,0,0,22.06
leetcode,doocs,https://github.com/doocs/leetcode,34797,Java,2532,4095,21,0,100.0
AgentGPT,reworkd,https://github.com/reworkd/AgentGPT,34788,TypeScript,868,539,12,0,72.16
ai-agents-for-beginners,microsoft,https://github.com/microsoft/ai-agents-for-beginners,34785,Jupyter Notebook,267,149,0,0,86.57
LocalAI,mudler,https://github.com/mudler/LocalAI,34778,Go,888,3921,83,0,65.84
cursor-free-vip,yeongpin,https://github.com/yeongpin/cursor-free-vip,34727,Python,223,74,69,0,46.01
outline,outline,https://github.com/outline/outline,34680,TypeScript,3379,3339,147,0,97.31
ghostty,ghostty-org,https://github.com/ghostty-org/ghostty,34600,Zig,1242,2616,1,0,91.91
bubbletea,charmbracelet,https://github.com/charmbracelet/bubbletea,34583,Go,2051,628,62,0,80.16
awesome-javascript,sorrycc,https://github.com/sorrycc/awesome-javascript,34506,,4070,393,0,0,94.62
caffe,BVLC,https://github.com/BVLC/caffe,34497,C++,4362,1087,14,0,81.27
TaskMatrix,chenfei-wu,https://github.com/chenfei-wu/TaskMatrix,34414,Python,904,21,0,1,38.1
fastify,fastify,https://github.com/fastify/fastify,34402,JavaScript,3250,3135,298,0,96.32
node-v0.x-archive,nodejs,https://github.com/nodejs/node-v0.x-archive,34381,,5931,218,0,0,100.0
netty,netty,https://github.com/netty/netty,34349,Java,5400,4432,0,0,90.88
jieba,fxsjy,https://github.com/fxsjy/jieba,34341,Python,4710,96,9,0,26.44
supervision,roboflow,https://github.com/roboflow/supervision,34320,Python,998,967,33,0,84.87
formik,jaredpalmer,https://github.com/jaredpalmer/formik,34284,TypeScript,2991,829,196,1,68.94
RevokeMsgPatcher,huiyadanli,https://github.com/huiyadanli/RevokeMsgPatcher,34254,C#,2224,11,21,0,93.39
gold-miner,xitu,https://github.com/xitu/gold-miner,34244,,3579,3563,0,0,99.84
LLM101n,karpathy,https://github.com/karpathy/LLM101n,34238,,453,0,0,0,0
HowToLiveLonger,geekan,https://github.com/geekan/HowToLiveLonger,34207,,1224,14,0,0,74.64
manim,ManimCommunity,https://github.com/ManimCommunity/manim,34170,Python,1921,1926,29,0,77.75
clipboard.js,zenorocha,https://github.com/zenorocha/clipboard.js,34159,JavaScript,3626,117,42,0,98.25
portainer,portainer,https://github.com/portainer/portainer,34146,TypeScript,3382,4777,162,0,89.55
OpenVoice,myshell-ai,https://github.com/myshell-ai/OpenVoice,34124,Python,632,17,0,0,21.2
llvm-project,llvm,https://github.com/llvm/llvm-project,34102,LLVM,3180,55788,136,0,69.58
solid,solidjs,https://github.com/solidjs/solid,34096,TypeScript,2677,385,35,0,90.88
12306,testerSunshine,https://github.com/testerSunshine/12306,34049,Python,3019,31,1,0,67.44
linux-command,jaywcjlove,https://github.com/jaywcjlove/linux-command,34036,Markdown,3205,356,31,0,64.25
react-beautiful-dnd,atlassian,https://github.com/atlassian/react-beautiful-dnd,34030,JavaScript,2935,530,68,0,64.63
husky,typicode,https://github.com/typicode/husky,34016,JavaScript,4078,262,80,0,93.38
framework,laravel,https://github.com/laravel/framework,33990,PHP,4607,16634,855,0,99.77
poetry,python-poetry,https://github.com/python-poetry/poetry,33870,Python,2732,2331,142,0,91.67
spring-boot-demo,xkcoding,https://github.com/xkcoding/spring-boot-demo,33849,Java,2842,15,0,0,42.2
anoma,anoma,https://github.com/anoma/anoma,33805,Elixir,1662,856,10,0,82.69
Python,geekcomputers,https://github.com/geekcomputers/Python,33777,Python,5014,1852,0,0,30.66
zsh-autosuggestions,zsh-users,https://github.com/zsh-users/zsh-autosuggestions,33662,Shell,4318,116,0,0,74.84
shadowsocks,shadowsocks,https://github.com/shadowsocks/shadowsocks,33648,Python,4872,70,2,0,0
LeetCode-Go,halfrost,https://github.com/halfrost/LeetCode-Go,33642,Go,2958,178,4,0,80.0
AndroidUtilCode,Blankj,https://github.com/Blankj/AndroidUtilCode,33620,Java,3310,88,117,0,80.55
easyexcel,alibaba,https://github.com/alibaba/easyexcel,33587,Java,2754,190,14,0,86.52
AFNetworking,AFNetworking,https://github.com/AFNetworking/AFNetworking,33535,Objective-C,5197,710,40,0,0
zxing,zxing,https://github.com/zxing/zxing,33533,Java,5063,318,31,0,99.24
JavaScript,TheAlgorithms,https://github.com/TheAlgorithms/JavaScript,33530,JavaScript,2962,795,0,0,95.69
awesome-deepseek-integration,deepseek-ai,https://github.com/deepseek-ai/awesome-deepseek-integration,33472,,589,230,0,0,30.71
ShareX,ShareX,https://github.com/ShareX/ShareX,33442,C#,4336,751,83,0,92.53
aseprite,aseprite,https://github.com/aseprite/aseprite,33440,C++,4021,406,117,0,58.24
mattermost,mattermost,https://github.com/mattermost/mattermost,33437,TypeScript,3721,19268,847,0,92.63
awesome-docker,veggiemonk,https://github.com/veggiemonk/awesome-docker,33415,,3988,939,1,0,97.69
How-To-Ask-Questions-The-Smart-Way,ryanhanwu,https://github.com/ryanhanwu/How-To-Ask-Questions-The-Smart-Way,33347,JavaScript,3800,98,0,0,68.97
nps,ehang-io,https://github.com/ehang-io/nps,33313,Go,2483,74,59,0,58.08
gpt-pilot,Pythagora-io,https://github.com/Pythagora-io/gpt-pilot,33312,Python,737,393,0,0,57.09
XX-Net,XX-net,https://github.com/XX-net/XX-Net,33304,Python,3872,363,388,0,40.63
stats,exelban,https://github.com/exelban/stats,33267,Swift,2277,409,301,0,98.72
jax,jax-ml,https://github.com/jax-ml/jax,33246,Python,2493,15107,126,0,75.37
carbon-lang,carbon-language,https://github.com/carbon-language/carbon-lang,33164,C++,1943,4357,411,0,78.57
brackets,adobe,https://github.com/adobe/brackets,33158,JavaScript,5007,4332,69,3,72.96
Fabric,danielmiessler,https://github.com/danielmiessler/Fabric,33147,JavaScript,597,435,248,0,85.62
harness,harness,https://github.com/harness/harness,33117,Go,4214,1047,53,0,96.31
gulp,gulpjs,https://github.com/gulpjs/gulp,33062,JavaScript,4432,411,24,1,98.5
immutable-js,immutable-js,https://github.com/immutable-js/immutable-js,33057,TypeScript,4069,598,89,0,92.63
lossless-cut,mifi,https://github.com/mifi/lossless-cut,33027,TypeScript,3218,202,100,0,87.27
selenium,SeleniumHQ,https://github.com/SeleniumHQ/selenium,33008,Java,4603,3025,108,0,98.63
ijkplayer,bilibili,https://github.com/bilibili/ijkplayer,32995,C,4463,35,0,0,47.4
vault,hashicorp,https://github.com/hashicorp/vault,32986,Go,3832,21302,168,0,82.13
AnotherRedisDesktopManager,qishibo,https://github.com/qishibo/AnotherRedisDesktopManager,32976,JavaScript,2418,152,53,0,86.96
openpose,CMU-Perceptual-Computing-Lab,https://github.com/CMU-Perceptual-Computing-Lab/openpose,32938,C++,3042,174,15,0,83.18
ControlNet,lllyasviel,https://github.com/lllyasviel/ControlNet,32933,Python,933,4,0,0,24.25
ruoyi-vue-pro,YunaiV,https://github.com/YunaiV/ruoyi-vue-pro,32903,Java,1671,62,44,0,99.54
awesome-cursorrules,PatrickJS,https://github.com/PatrickJS/awesome-cursorrules,32887,MDX,340,64,0,0,19.05
ShadowsocksX-NG,shadowsocks,https://github.com/shadowsocks/ShadowsocksX-NG,32821,Swift,3360,64,30,0,77.32
awesome-awesomeness,bayandin,https://github.com/bayandin/awesome-awesomeness,32809,Ruby,4063,197,0,0,76.47
libpku,lib-pku,https://github.com/lib-pku/libpku,32708,TeX,2465,22,0,0,74.42
C-Plus-Plus,TheAlgorithms,https://github.com/TheAlgorithms/C-Plus-Plus,32667,C++,3324,686,0,0,96.88
Reactive-Resume,AmruthPillai,https://github.com/AmruthPillai/Reactive-Resume,32663,TypeScript,1976,633,95,0,79.59
qBittorrent,qbittorrent,https://github.com/qbittorrent/qBittorrent,32631,C++,4948,3932,0,0,86.35
swc,swc-project,https://github.com/swc-project/swc,32629,Rust,2800,5595,714,0,89.93
detectron2,facebookresearch,https://github.com/facebookresearch/detectron2,32621,Python,2178,0,10,0,86.92
bulletproof-react,alan2207,https://github.com/alan2207/bulletproof-react,32522,TypeScript,1545,70,0,0,66.96
data-engineering-zoomcamp,DataTalksClub,https://github.com/DataTalksClub/data-engineering-zoomcamp,32446,Jupyter Notebook,1401,395,0,0,98.53
pnpm,pnpm,https://github.com/pnpm/pnpm,32446,TypeScript,3494,2676,1000,0,61.6
jq,jqlang,https://github.com/jqlang/jq,32441,C,4783,640,15,0,84.1
certbot,certbot,https://github.com/certbot/certbot,32405,Python,3936,4005,62,0,97.71
rufus,pbatard,https://github.com/pbatard/rufus,32361,C,5025,1,84,0,99.68
drawdb,drawdb-io,https://github.com/drawdb-io/drawdb,32337,JavaScript,768,232,0,0,65.42
modern-unix,ibraheemdev,https://github.com/ibraheemdev/modern-unix,32314,,1683,15,0,0,36.14
refine,refinedev,https://github.com/refinedev/refine,32297,TypeScript,1675,4426,1000,0,98.07
learnGitBranching,pcottle,https://github.com/pcottle/learnGitBranching,32271,JavaScript,4757,606,0,0,90.5
material-design-lite,google,https://github.com/google/material-design-lite,32266,HTML,3873,655,14,2,82.6
CyberChef,gchq,https://github.com/gchq/CyberChef,32254,JavaScript,3189,510,447,0,59.17
Real-ESRGAN,xinntao,https://github.com/xinntao/Real-ESRGAN,32235,Python,1495,21,10,0,23.52
serenity,SerenityOS,https://github.com/SerenityOS/serenity,32230,C++,2455,19525,0,0,82.91
duckdb,duckdb,https://github.com/duckdb/duckdb,32226,C++,2614,8213,51,0,92.45
spaCy,explosion,https://github.com/explosion/spaCy,32221,Python,4068,3590,129,0,97.06
it-tools,CorentinTh,https://github.com/CorentinTh/it-tools,32215,Vue,1965,491,10,0,32.2
beego,beego,https://github.com/beego/beego,32214,Go,4923,1325,42,0,99.76
agno,agno-agi,https://github.com/agno-agi/agno,32169,Python,1206,1752,86,0,90.14
directus,directus,https://github.com/directus/directus,32150,TypeScript,4636,8089,342,0,96.79
my-tv,lizongying,https://github.com/lizongying/my-tv,32148,C,627,11,72,0,84.22
tiptap,ueberdosis,https://github.com/ueberdosis/tiptap,32147,TypeScript,2559,1253,898,0,78.29
chatbot-ui,mckaywrigley,https://github.com/mckaywrigley/chatbot-ui,32139,TypeScript,895,280,0,0,82.28
run,The-Run-Philosophy-Organization,https://github.com/The-Run-Philosophy-Organization/run,32097,,1230,171,0,0,83.59
tabby,TabbyML,https://github.com/TabbyML/tabby,31996,Rust,890,2969,241,0,78.23
etcher,balena-io,https://github.com/balena-io/etcher,31964,TypeScript,3587,1731,289,0,76.56
nacos,alibaba,https://github.com/alibaba/nacos,31961,Java,2625,3156,84,0,97.28
cherry-studio,CherryHQ,https://github.com/CherryHQ/cherry-studio,31952,TypeScript,455,1941,192,0,91.52
chatgpt-web,Chanzhaoyu,https://github.com/Chanzhaoyu/chatgpt-web,31939,Vue,925,159,43,0,100.0
pathway,pathwaycom,https://github.com/pathwaycom/pathway,31891,Python,999,5,75,0,54.64
yew,yewstack,https://github.com/yewstack/yew,31884,Rust,2806,1802,35,0,91.0
swr,vercel,https://github.com/vercel/swr,31849,TypeScript,2125,795,123,0,85.19
GPT_API_free,chatanywhere,https://github.com/chatanywhere/GPT_API_free,31835,Python,852,1,0,0,93.63
awesome-php,ziadoz,https://github.com/ziadoz/awesome-php,31831,,4287,453,0,0,99.35
v2ray-core,v2fly,https://github.com/v2fly/v2ray-core,31795,Go,2321,909,111,0,96.35
android-open-project,Trinea,https://github.com/Trinea/android-open-project,31791,,4247,204,0,0,87.21
WxJava,binarywang,https://github.com/binarywang/WxJava,31785,Java,3516,1053,30,0,97.3
shardeum,shardeum,https://github.com/shardeum/shardeum,31767,TypeScript,493,325,0,1,86.84
mpv,mpv-player,https://github.com/mpv-player/mpv,31761,C,4696,3501,87,0,91.44
vnpy,vnpy,https://github.com/vnpy/vnpy,31750,Python,3826,1055,64,0,99.15
fairseq,facebookresearch,https://github.com/facebookresearch/fairseq,31738,Python,2915,234,16,0,71.96
graphql-engine,hasura,https://github.com/hasura/graphql-engine,31665,TypeScript,2622,2110,294,0,64.97
go-zero,zeromicro,https://github.com/zeromicro/go-zero,31660,Go,1841,2321,140,0,88.0
pytorch-tutorial,yunjey,https://github.com/yunjey/pytorch-tutorial,31641,Python,3087,28,0,0,63.33
Retrieval-based-Voice-Conversion-WebUI,RVC-Project,https://github.com/RVC-Project/Retrieval-based-Voice-Conversion-WebUI,31616,Python,879,475,7,0,67.66
Hello-Python,mouredev,https://github.com/mouredev/Hello-Python,31614,Python,1115,0,0,0,93.86
mmdetection,open-mmlab,https://github.com/open-mmlab/mmdetection,31596,Python,2557,2359,53,0,79.39
floating-ui,floating-ui,https://github.com/floating-ui/floating-ui,31578,TypeScript,3433,1190,497,0,98.15
Folo,RSSNext,https://github.com/RSSNext/Folo,31543,TypeScript,501,1255,70,0,91.14
YesPlayMusic,qier222,https://github.com/qier222/YesPlayMusic,31540,Vue,1778,288,31,0,66.2
remix,remix-run,https://github.com/remix-run/remix,31537,TypeScript,1761,3441,175,0,99.85
html2canvas,niklasvh,https://github.com/niklasvh/html2canvas,31483,TypeScript,5151,186,45,0,63.33
awesome-cto,kuchin,https://github.com/kuchin/awesome-cto,31477,,3171,18,0,0,100.0
vimrc,amix,https://github.com/amix/vimrc,31442,Vim Script,4833,107,0,0,97.7
echo,labstack,https://github.com/labstack/echo,31435,Go,3827,592,109,0,95.02
rxjs,ReactiveX,https://github.com/ReactiveX/rxjs,31425,TypeScript,3813,2588,2,0,93.04
lottie-web,airbnb,https://github.com/airbnb/lottie-web,31365,JavaScript,3836,136,0,0,73.43
CasaOS,IceWhaleTech,https://github.com/IceWhaleTech/CasaOS,31352,Go,1426,274,97,0,56.52
MS-DOS,microsoft,https://github.com/microsoft/MS-DOS,31352,Assembly,2615,37,0,0,0
servo,servo,https://github.com/servo/servo,31329,HTML,4944,20532,0,0,78.61
netron,lutzroeder,https://github.com/lutzroeder/netron,31240,JavaScript,5353,1,3,0,98.28
xyflow,xyflow,https://github.com/xyflow/xyflow,31220,TypeScript,2230,1402,350,0,96.34
cockroach,cockroachdb,https://github.com/cockroachdb/cockroach,31204,Go,4216,67705,0,0,91.53
backstage,backstage,https://github.com/backstage/backstage,31177,TypeScript,2037,18965,443,0,94.84
cursor,cursor,https://github.com/cursor/cursor,31128,,895,46,0,0,37.43
OpenCut,OpenCut-app,https://github.com/OpenCut-app/OpenCut,31122,TypeScript,61,179,0,0,38.38
paper-reading,mli,https://github.com/mli/paper-reading,31110,,1400,15,0,0,0
mediapipe,google-ai-edge,https://github.com/google-ai-edge/mediapipe,31065,C++,2262,201,63,0,91.9
slate,ianstormtaylor,https://github.com/ianstormtaylor/slate,31053,TypeScript,3352,1938,203,0,79.07
Blog,mqyqingfeng,https://github.com/mqyqingfeng/Blog,31046,,3084,3,0,0,27.7
dokku,dokku,https://github.com/dokku/dokku,31041,Shell,4458,4166,302,0,98.39
sharp,lovell,https://github.com/lovell/sharp,31016,JavaScript,4386,302,99,0,97.09
claude-code,anthropics,https://github.com/anthropics/claude-code,30995,TypeScript,181,59,0,0,57.04
linux-insides,0xAX,https://github.com/0xAX/linux-insides,30990,Python,3884,579,0,0,80.95
dotfiles,mathiasbynens,https://github.com/mathiasbynens/dotfiles,30956,Shell,5100,44,0,0,64.8
lede,coolsnowwolf,https://github.com/coolsnowwolf/lede,30923,C,2907,2020,6,0,91.64
MonitorControl,MonitorControl,https://github.com/MonitorControl/MonitorControl,30921,Swift,2897,216,26,0,98.47
OCRmyPDF,ocrmypdf,https://github.com/ocrmypdf/OCRmyPDF,30905,Python,4263,153,41,0,89.6
filebrowser,filebrowser,https://github.com/filebrowser/filebrowser,30899,Go,3633,608,97,0,99.2
jQuery-File-Upload,blueimp,https://github.com/blueimp/jQuery-File-Upload,30891,PHP,5378,119,0,1,98.52
croc,schollz,https://github.com/schollz/croc,30887,Go,2866,236,175,0,98.15
1Panel,1Panel-dev,https://github.com/1Panel-dev/1Panel,30863,Go,1130,3823,96,0,88.51
ink,vadimdemedes,https://github.com/vadimdemedes/ink,30860,TypeScript,2993,235,63,0,80.53
minikube,kubernetes,https://github.com/kubernetes/minikube,30846,Go,3416,8791,151,0,94.96
paperless-ngx,paperless-ngx,https://github.com/paperless-ngx/paperless-ngx,30814,Python,1287,2567,123,0,100.0
k9s,derailed,https://github.com/derailed/k9s,30808,Go,2401,838,248,0,80.88
khoj,khoj-ai,https://github.com/khoj-ai/khoj,30777,Python,1467,475,158,0,86.23
Xray-core,XTLS,https://github.com/XTLS/Xray-core,30774,Go,1747,1015,90,0,99.57
kafka,apache,https://github.com/apache/kafka,30727,Java,5121,11811,0,0,0
p3c,alibaba,https://github.com/alibaba/p3c,30725,Kotlin,2982,62,0,0,81.24
editor.js,codex-team,https://github.com/codex-team/editor.js,30717,TypeScript,3555,863,102,0,60.59
fish-shell,fish-shell,https://github.com/fish-shell/fish-shell,30712,Rust,4852,2146,48,0,93.75
awesome-sysadmin,awesome-foss,https://github.com/awesome-foss/awesome-sysadmin,30689,,3895,329,0,0,86.27
interactive-coding-challenges,donnemartin,https://github.com/donnemartin/interactive-coding-challenges,30688,Python,3769,176,0,0,46.38
Sortable,SortableJS,https://github.com/SortableJS/Sortable,30672,JavaScript,4264,248,30,0,73.97
headscale,juanfont,https://github.com/juanfont/headscale,30650,Go,1888,1055,124,0,91.49
textual,Textualize,https://github.com/Textualize/textual,30610,Python,1597,2177,185,0,91.81
comprehensive-rust,google,https://github.com/google/comprehensive-rust,30598,Rust,975,2174,0,0,68.12
spring-boot-examples,ityouknow,https://github.com/ityouknow/spring-boot-examples,30577,Java,3212,7,0,0,90.83
k3s,k3s-io,https://github.com/k3s-io/k3s,30570,Go,2640,4069,885,0,98.37
calculator,microsoft,https://github.com/microsoft/calculator,30553,C++,2398,899,0,0,64.42
UTM,utmapp,https://github.com/utmapp/UTM,30537,Swift,2324,266,122,0,74.15
server,nextcloud,https://github.com/nextcloud/server,30537,PHP,3368,28174,350,0,88.79
influxdb,influxdata,https://github.com/influxdata/influxdb,30517,Rust,4348,10607,93,0,85.3
symfony,symfony,https://github.com/symfony/symfony,30504,PHP,5709,24299,555,0,97.41
jsPDF,parallax,https://github.com/parallax/jsPDF,30497,JavaScript,5738,718,35,0,95.55
diffusers,huggingface,https://github.com/huggingface/diffusers,30446,Python,1180,5003,86,0,88.67
Data-Science-For-Beginners,microsoft,https://github.com/microsoft/Data-Science-For-Beginners,30414,Jupyter Notebook,1633,308,0,0,79.83
CLIP,openai,https://github.com/openai/CLIP,30403,Jupyter Notebook,1710,28,0,0,44.37
Trilium,TriliumNext,https://github.com/TriliumNext/Trilium,30386,TypeScript,3013,625,334,0,76.3
gkd,gkd-kit,https://github.com/gkd-kit/gkd,30385,Kotlin,780,6,53,0,98.03
weekly,ascoders,https://github.com/ascoders/weekly,30374,JavaScript,3077,136,193,0,99.18
webtorrent,webtorrent,https://github.com/webtorrent/webtorrent,30364,JavaScript,4329,963,228,0,96.09
medusa,medusajs,https://github.com/medusajs/medusa,30350,TypeScript,2043,7470,128,0,97.0
rocksdb,facebook,https://github.com/facebook/rocksdb,30348,C++,4648,609,206,0,77.37
fabric.js,fabricjs,https://github.com/fabricjs/fabric.js,30337,TypeScript,5553,2343,174,0,93.16
exo,exo-explore,https://github.com/exo-explore/exo,30332,Python,424,207,12,0,28.74
lux,iawia002,https://github.com/iawia002/lux,30326,Go,2736,300,86,0,50.99
layui,layui,https://github.com/layui/layui,30326,JavaScript,3622,590,158,0,95.16
NeteaseCloudMusicApi,Binaryify,https://github.com/Binaryify/NeteaseCloudMusicApi,30319,,3348,292,0,0,89.01
umami,umami-software,https://github.com/umami-software/umami,30315,TypeScript,1862,799,99,0,95.92
tqdm,tqdm,https://github.com/tqdm/tqdm,30299,Python,3733,287,131,0,57.21
docsify,docsifyjs,https://github.com/docsifyjs/docsify,30275,JavaScript,3197,731,15,0,93.16
GPTs,linexjlin,https://github.com/linexjlin/GPTs,30270,,650,42,0,0,75.0
alpine,alpinejs,https://github.com/alpinejs/alpine,30238,HTML,2094,657,137,0,100.0
HEAD,joshbuchea,https://github.com/joshbuchea/HEAD,30220,,3411,86,0,1,78.49
numpy,numpy,https://github.com/numpy/numpy,30209,Python,5457,13099,132,0,84.45
AI-Expert-Roadmap,AMAI-GmbH,https://github.com/AMAI-GmbH/AI-Expert-Roadmap,30201,JavaScript,1763,13,0,0,69.7
dioxus,DioxusLabs,https://github.com/DioxusLabs/dioxus,30165,Rust,1680,1769,25,0,79.29
roop,s0md3v,https://github.com/s0md3v/roop,30148,Python,817,80,6,0,0
CheatSheetSeries,OWASP,https://github.com/OWASP/CheatSheetSeries,30135,Python,2436,1076,0,0,92.06
sequelize,sequelize,https://github.com/sequelize/sequelize,30131,TypeScript,5510,4961,487,0,91.43
stanford_alpaca,tatsu-lab,https://github.com/tatsu-lab/stanford_alpaca,30127,Python,896,5,0,0,36.57
OpenAPI-Specification,OAI,https://github.com/OAI/OpenAPI-Specification,30099,Markdown,4190,1584,12,0,94.08
sniffnet,GyulyVGC,https://github.com/GyulyVGC/sniffnet,30097,Rust,1118,430,14,0,85.36
uppy,transloadit,https://github.com/transloadit/uppy,30072,TypeScript,3567,3108,241,0,93.51
pytorch-lightning,Lightning-AI,https://github.com/Lightning-AI/pytorch-lightning,30011,Python,2336,9086,167,0,87.68
hutool,chinabugotech,https://github.com/chinabugotech/hutool,30011,Java,4149,454,152,0,99.87
llm-app,pathwaycom,https://github.com/pathwaycom/llm-app,29927,Jupyter Notebook,765,47,0,0,70.59
tinygrad,tinygrad,https://github.com/tinygrad/tinygrad,29922,Python,1769,7951,13,0,86.39
surrealdb,surrealdb,https://github.com/surrealdb/surrealdb,29901,Rust,1352,2150,92,0,68.23
particles.js,VincentGarreau,https://github.com/VincentGarreau/particles.js,29901,JavaScript,4003,21,6,0,25.79
drizzle-orm,drizzle-team,https://github.com/drizzle-team/drizzle-orm,29892,TypeScript,1520,610,146,0,54.11
leakcanary,square,https://github.com/square/leakcanary,29785,Kotlin,3768,921,43,0,92.3
AdGuardHome,AdguardTeam,https://github.com/AdguardTeam/AdGuardHome,29772,Go,3334,124,214,0,80.34
foundation-sites,foundation,https://github.com/foundation/foundation-sites,29765,HTML,5062,2958,79,1,99.31
restic,restic,https://github.com/restic/restic,29752,Go,4135,2184,48,0,84.97
DevToys,DevToys-app,https://github.com/DevToys-app/DevToys,29745,C#,1423,497,38,0,70.53
awesome-macos-command-line,herrbischoff,https://github.com/herrbischoff/awesome-macos-command-line,29741,,3622,104,0,0,0
awesome-python-cn,jobbole,https://github.com/jobbole/awesome-python-cn,29738,Makefile,3580,51,0,0,58.06
vue-cli,vuejs,https://github.com/vuejs/vue-cli,29712,JavaScript,3527,1259,178,0,82.99
cheerio,cheeriojs,https://github.com/cheeriojs/cheerio,29703,TypeScript,5066,2840,61,0,98.28
stb,nothings,https://github.com/nothings/stb,29703,C,4107,288,0,0,77.72
wails,wailsapp,https://github.com/wailsapp/wails,29702,Go,2442,1503,242,0,87.85
folly,facebook,https://github.com/facebook/folly,29699,C++,4830,13,254,0,76.06
algo,trailofbits,https://github.com/trailofbits/algo,29676,Python,3386,576,3,0,95.31
Hyprland,hyprwm,https://github.com/hyprwm/Hyprland,29664,C++,1255,1884,96,0,99.19
vue-vben-admin,vbenjs,https://github.com/vbenjs/vue-vben-admin,29636,Vue,1868,1638,60,0,96.44
Mr.-Ranedeer-AI-Tutor,JushBJJ,https://github.com/JushBJJ/Mr.-Ranedeer-AI-Tutor,29627,,875,18,3,0,72.34
WSL,microsoft,https://github.com/microsoft/WSL,29623,C++,3425,139,94,0,91.33
apollo,apolloconfig,https://github.com/apolloconfig/apollo,29610,Java,3458,1449,41,0,95.82
glances,nicolargo,https://github.com/nicolargo/glances,29606,Python,5010,743,51,0,93.83
motion,motiondivision,https://github.com/motiondivision/motion,29570,TypeScript,2471,1061,0,0,84.5
project-guidelines,elsewhencode,https://github.com/elsewhencode/project-guidelines,29556,JavaScript,2975,113,0,0,76.32
react-boilerplate,react-boilerplate,https://github.com/react-boilerplate/react-boilerplate,29538,JavaScript,3838,715,16,1,95.5
500lines,aosabook,https://github.com/aosabook/500lines,29516,JavaScript,4309,175,0,0,58.57
phantomjs,ariya,https://github.com/ariya/phantomjs,29480,C++,5352,562,0,0,99.7
mantine,mantinedev,https://github.com/mantinedev/mantine,29456,TypeScript,1688,1494,272,0,99.35
react-three-fiber,pmndrs,https://github.com/pmndrs/react-three-fiber,29418,TypeScript,2370,651,125,0,92.87
django-rest-framework,encode,https://github.com/encode/django-rest-framework,29394,Python,5287,3021,21,0,98.53
hey,heyverse,https://github.com/heyverse/hey,29382,TypeScript,1252,3765,0,0,0
Hover,IanLunn,https://github.com/IanLunn/Hover,29376,SCSS,4250,23,10,0,77.57
tokio,tokio-rs,https://github.com/tokio-rs/tokio,29375,Rust,3269,3596,138,0,86.76
LibreChat,danny-avila,https://github.com/danny-avila/LibreChat,29362,TypeScript,922,2137,58,0,95.2
css-protips,AllThingsSmitty,https://github.com/AllThingsSmitty/css-protips,29349,,3646,73,0,0,98.39
standard,standard,https://github.com/standard/standard,29340,JavaScript,3860,411,7,0,91.07
canal,alibaba,https://github.com/alibaba/canal,29327,Java,4604,473,32,0,75.48
lighthouse,GoogleChrome,https://github.com/GoogleChrome/lighthouse,29293,JavaScript,3454,5467,125,0,94.65
consul,hashicorp,https://github.com/hashicorp/consul,29242,Go,4309,13733,217,0,77.09
handson-ml2,ageron,https://github.com/ageron/handson-ml2,29218,Jupyter Notebook,2418,64,0,0,58.03
xxl-job,xuxueli,https://github.com/xuxueli/xxl-job,29208,Java,3555,113,38,0,92.98
es6features,lukehoban,https://github.com/lukehoban/es6features,29193,,4190,41,0,1,63.16
keycloak,keycloak,https://github.com/keycloak/keycloak,29161,Java,4434,17543,87,0,86.94
python-guide,realpython,https://github.com/realpython/python-guide,29158,Batchfile,5274,683,0,0,64.52
DeepFaceLive,iperov,https://github.com/iperov/DeepFaceLive,29147,Python,1711,13,35,0,99.31
Clone-Wars,GorvGoyl,https://github.com/GorvGoyl/Clone-Wars,29136,,1724,130,0,0,85.37
firecracker,firecracker-microvm,https://github.com/firecracker-microvm/firecracker,29130,Rust,2864,3191,78,0,96.7
viper,spf13,https://github.com/spf13/viper,29114,Go,4160,507,34,0,54.32
TrackersListCollection,XIU2,https://github.com/XIU2/TrackersListCollection,29098,,2150,7,0,0,0
swift-algorithm-club,kodecocodes,https://github.com/kodecocodes/swift-algorithm-club,29093,Swift,3496,610,0,0,85.12
tuning_playbook,google-research,https://github.com/google-research/tuning_playbook,29092,,947,14,0,0,75.56
composer,composer,https://github.com/composer/composer,29081,PHP,5189,2959,215,0,98.53
plyr,sampotts,https://github.com/sampotts/plyr,29079,JavaScript,3842,384,88,0,58.06
COVID-19,CSSEGISandData,https://github.com/CSSEGISandData/COVID-19,29047,,2026,2152,0,0,55.31
zoxide,ajeetdsouza,https://github.com/ajeetdsouza/zoxide,29047,Rust,1996,227,36,0,85.04
refined-github,refined-github,https://github.com/refined-github/refined-github,29019,TypeScript,3476,3428,173,0,96.9
SpringAll,wuyouzhuguli,https://github.com/wuyouzhuguli/SpringAll,28930,Java,2669,1,0,0,56.25
llama3,meta-llama,https://github.com/meta-llama/llama3,28930,Python,525,23,0,0,40.61
react-spring,pmndrs,https://github.com/pmndrs/react-spring,28857,TypeScript,2725,437,52,0,90.79
postcss,postcss,https://github.com/postcss/postcss,28857,TypeScript,4350,760,268,0,97.37
Complete-Python-3-Bootcamp,Pierian-Data,https://github.com/Pierian-Data/Complete-Python-3-Bootcamp,28839,Jupyter Notebook,2748,12,0,0,60.98
todomvc,tastejs,https://github.com/tastejs/todomvc,28819,JavaScript,5194,760,6,0,84.31
dragonfly,dragonflydb,https://github.com/dragonflydb/dragonfly,28747,C++,1350,3318,108,0,85.51
hosts,StevenBlack,https://github.com/StevenBlack/hosts,28723,Python,4880,486,780,0,94.65
spring-cloud-alibaba,alibaba,https://github.com/alibaba/spring-cloud-alibaba,28700,Java,2821,1077,48,0,92.12
qlib,microsoft,https://github.com/microsoft/qlib,28688,Python,1834,725,23,0,73.8
JavaScript30,wesbos,https://github.com/wesbos/JavaScript30,28676,HTML,3180,153,0,0,0
os-tutorial,cfenollosa,https://github.com/cfenollosa/os-tutorial,28672,C,3980,11,0,0,58.33
kitty,kovidgoyal,https://github.com/kovidgoyal/kitty,28643,Python,3232,1131,128,0,99.84
linkedin-skill-assessments-quizzes,Ebazhanov,https://github.com/Ebazhanov/linkedin-skill-assessments-quizzes,28637,,2232,5638,1,0,90.57
xstate,statelyai,https://github.com/statelyai/xstate,28633,TypeScript,3630,1977,443,0,92.26
slick,kenwheeler,https://github.com/kenwheeler/slick,28623,JavaScript,4169,258,48,1,66.88
Jobs_Applier_AI_Agent_AIHawk,feder-cr,https://github.com/feder-cr/Jobs_Applier_AI_Agent_AIHawk,28593,Python,383,185,0,0,98.37
machine-learning-for-software-engineers,ZuzooVn,https://github.com/ZuzooVn/machine-learning-for-software-engineers,28573,,3239,60,0,1,34.62
k6,grafana,https://github.com/grafana/k6,28570,Go,3441,2165,77,0,70.04
posthog,PostHog,https://github.com/PostHog/posthog,28555,Python,2038,25114,19,0,72.16
immer,immerjs,https://github.com/immerjs/immer,28551,JavaScript,2793,374,109,1,94.76
continue,continuedev,https://github.com/continuedev/continue,28525,TypeScript,821,2866,403,0,79.9
Avalonia,AvaloniaUI,https://github.com/AvaloniaUI/Avalonia,28502,C#,4278,5318,110,0,78.24
ExplorerPatcher,valinet,https://github.com/valinet/ExplorerPatcher,28494,C,1474,18,288,0,88.98
turborepo,vercel,https://github.com/vercel/turborepo,28476,Rust,1417,6233,496,0,93.5
data-science-ipython-notebooks,donnemartin,https://github.com/donnemartin/data-science-ipython-notebooks,28476,Python,3864,31,0,0,53.66
rust-course,sunface,https://github.com/sunface/rust-course,28467,Rust,2572,783,0,0,71.29
programmer-job-blacklist,shengxinjing,https://github.com/shengxinjing/programmer-job-blacklist,28457,Shell,3345,28,0,1,53.55
jumpserver,jumpserver,https://github.com/jumpserver/jumpserver,28444,Python,4067,7550,250,0,99.56
openai-python,openai,https://github.com/openai/openai-python,28439,Python,1762,995,320,0,91.48
vuex,vuejs,https://github.com/vuejs/vuex,28436,JavaScript,3690,656,51,0,92.17
podman,containers,https://github.com/containers/podman,28410,Go,2851,11712,228,0,92.19
android_guides,codepath,https://github.com/codepath/android_guides,28380,,4447,9,0,0,57.48
helm,helm,https://github.com/helm/helm,28378,Go,3608,4113,216,0,94.28
openssl,openssl,https://github.com/openssl/openssl,28376,C,4602,145,283,0,86.72
the-super-tiny-compiler,jamiebuilds,https://github.com/jamiebuilds/the-super-tiny-compiler,28330,JavaScript,3451,20,0,0,0
tdesktop,telegramdesktop,https://github.com/telegramdesktop/tdesktop,28324,C++,4130,1747,799,0,94.23
reverse-interview,viraptor,https://github.com/viraptor/reverse-interview,28306,,2175,75,0,0,72.0
90DaysOfDevOps,MichaelCade,https://github.com/MichaelCade/90DaysOfDevOps,28297,Shell,1335,358,2,0,89.89
vscodium,VSCodium,https://github.com/VSCodium/vscodium,28295,Shell,2566,549,240,0,91.93
Sunshine,LizardByte,https://github.com/LizardByte/Sunshine,28267,C++,1346,1471,43,0,92.47
applied-ml,eugeneyan,https://github.com/eugeneyan/applied-ml,28242,,1875,208,0,0,91.67
async,caolan,https://github.com/caolan/async,28224,JavaScript,5561,558,7,2,99.12
gitbook,GitbookIO,https://github.com/GitbookIO/gitbook,28218,TypeScript,4162,1302,75,0,98.53
linera-protocol,linera-io,https://github.com/linera-io/linera-protocol,28215,Rust,1342,2687,18,0,62.12
druid,alibaba,https://github.com/alibaba/druid,28181,Java,5041,1518,51,0,50.35
nginxconfig.io,digitalocean,https://github.com/digitalocean/nginxconfig.io,28177,JavaScript,2786,191,0,1,76.99
nginx-proxy-manager,NginxProxyManager,https://github.com/NginxProxyManager/nginx-proxy-manager,28121,JavaScript,2802,530,77,0,69.5
marker,datalab-to,https://github.com/datalab-to/marker,28111,Python,662,200,63,0,52.24
backbone,jashkenas,https://github.com/jashkenas/backbone,28108,JavaScript,5440,881,0,0,98.25
dnSpy,dnSpy,https://github.com/dnSpy/dnSpy,28077,C#,3705,53,1,0,0
swagger-ui,swagger-api,https://github.com/swagger-api/swagger-ui,28062,JavaScript,5152,3308,376,0,78.57
python-telegram-bot,python-telegram-bot,https://github.com/python-telegram-bot/python-telegram-bot,28042,Python,3699,1636,127,0,99.34
Python-programming-exercises,zhiwehu,https://github.com/zhiwehu/Python-programming-exercises,28037,,4817,0,0,0,20.0
ChatGPT,acheong08,https://github.com/acheong08/ChatGPT,28035,Python,993,292,277,0,98.63
trivy,aquasecurity,https://github.com/aquasecurity/trivy,28016,Go,2325,3182,171,0,94.54
mobx,mobxjs,https://github.com/mobxjs/mobx,28013,TypeScript,3814,1152,113,0,97.06
react-select,JedWatson,https://github.com/JedWatson/react-select,28005,TypeScript,4014,1054,61,0,89.5
waifu2x,nagadomi,https://github.com/nagadomi/waifu2x,28004,Lua,3750,68,3,0,58.7
Charts,ChartsOrg,https://github.com/ChartsOrg/Charts,27933,Swift,3808,427,38,0,79.2
vhr,lenve,https://github.com/lenve/vhr,27915,Java,2787,1,0,0,38.19
erpnext,frappe,https://github.com/frappe/erpnext,27882,Python,5189,26454,1000,0,86.47
python-fire,google,https://github.com/google/python-fire,27842,Python,3104,135,12,0,62.35
headlessui,tailwindlabs,https://github.com/tailwindlabs/headlessui,27840,TypeScript,1801,619,127,0,92.13
Web,qianguyihao,https://github.com/qianguyihao/Web,27831,,3153,0,0,0,69.03
raylib,raysan5,https://github.com/raysan5/raylib,27831,C,4320,2164,24,0,99.02
ResumeSample,geekcompany,https://github.com/geekcompany/ResumeSample,27815,,4001,2,0,0,0
create-t3-app,t3-oss,https://github.com/t3-oss/create-t3-app,27813,TypeScript,1186,1114,138,0,91.46
nginx,nginx,https://github.com/nginx/nginx,27811,C,3713,95,8,0,49.14
aos,michalsnik,https://github.com/michalsnik/aos,27796,JavaScript,3697,38,0,0,51.14
litellm,BerriAI,https://github.com/BerriAI/litellm,27784,Python,758,5330,987,0,86.8
Probabilistic-Programming-and-Bayesian-Methods-for-Hackers,CamDavidsonPilon,https://github.com/CamDavidsonPilon/Probabilistic-Programming-and-Bayesian-Methods-for-Hackers,27756,Jupyter Notebook,4603,243,0,0,36.44
WindTerm,kingToolbox,https://github.com/kingToolbox/WindTerm,27712,C,2144,1,32,0,20.55
yazi,sxyazi,https://github.com/sxyazi/yazi,27699,Rust,776,953,27,0,97.17
redash,getredash,https://github.com/getredash/redash,27684,Python,4316,3256,100,0,76.02
yapi,YMFE,https://github.com/YMFE/yapi,27659,JavaScript,3371,141,1,0,37.51
EasyOCR,JaidedAI,https://github.com/JaidedAI/EasyOCR,27638,Python,1987,177,23,0,56.68
flameshot,flameshot-org,https://github.com/flameshot-org/flameshot,27605,C++,3026,965,30,0,75.84
commander.js,tj,https://github.com/tj/commander.js,27568,JavaScript,5122,827,83,0,99.38
so-vits-svc,svc-develop-team,https://github.com/svc-develop-team/so-vits-svc,27544,Python,896,153,0,0,83.85
srs,ossrs,https://github.com/ossrs/srs,27542,C++,3768,507,68,0,85.32
